structure,L,R,EditingIndex,chr,pos,site_idx_in_seq
(((((.((.(((((.((((((.(((.(..((((((....))))))..).)))))))))..)))))))..))))).......(((.(((((((((.((((((.((((.(((((((((((((.((((((.....((((((((((((.(((((((((((...((((((.(((((((((.(((((((((.(((.(((((((.((..(((((.(((......................((...((((((((....(((((..(((.....))).)))))((((((((.........)).)))))).))))))))...))))).)))))..)).))))))).))).))))))))).))))))))).))))))...))))))))))).))))))))))))................))))))))))))))))))).)))).)))))).))))))).))))),TGGCC,AGCGTGGTGGCTCACACTTGGAATCCCAGCACTTTGGGAGGCGGAGGTGGGTGGATCACCTAAGGCCAGGAGTTCGAGACCAGCTTGGCCAACATTGTGAAACCCTGTCTCTACTAAAAATAACACAAAAATTAGCCACATGTGGTGGCGAGTGCCTGTAGTCCCAGCTACTCAGGAGGCTGAAGCAGGAGAATCACTTGAACCCNNNNNNNNNNATTTTATTTTTTAGTTTTTTGAGATGGTCTCACTCTGCCACCCAGGCTGGTGGGCAGTGGCATGATTATAGCTCACTGCAGTCTCAAACTCCTGGGCTCAAGCTATCCTTCTGCCTCAACCTCCTGAGGAGCTGGGACAACAGGTGTGTGCCACCACATCTGGCTAATTTTTTTACTTTTATTTTTTCATTTTTGTAGAGATGGGGTCTTGCTATGTTGCCCGGGCTAGGCTC,0.5,chr7,43944352.0,5
(((((.((.(((((.((((((.(((.(..((((((....))))))..).)))))))))..)))))))..))))).......(((.(((((((((.((((((.((((.(((((((((((((.((((((.....((((((((((((.(((((((((((...((((((.(((((((((.(((((((((.(((.(((((((.((..(((((.(((......................((...((((((((....(((((..(((.....))).)))))((((((((.........)).)))))).))))))))...))))).)))))..)).))))))).))).))))))))).))))))))).))))))...))))))))))).))))))))))))................))))))))))))))))))).)))).)))))).))))))).))))),TGGCCA,GCGTGGTGGCTCACACTTGGAATCCCAGCACTTTGGGAGGCGGAGGTGGGTGGATCACCTAAGGCCAGGAGTTCGAGACCAGCTTGGCCAACATTGTGAAACCCTGTCTCTACTAAAAATAACACAAAAATTAGCCACATGTGGTGGCGAGTGCCTGTAGTCCCAGCTACTCAGGAGGCTGAAGCAGGAGAATCACTTGAACCCNNNNNNNNNNATTTTATTTTTTAGTTTTTTGAGATGGTCTCACTCTGCCACCCAGGCTGGTGGGCAGTGGCATGATTATAGCTCACTGCAGTCTCAAACTCCTGGGCTCAAGCTATCCTTCTGCCTCAACCTCCTGAGGAGCTGGGACAACAGGTGTGTGCCACCACATCTGGCTAATTTTTTTACTTTTATTTTTTCATTTTTGTAGAGATGGGGTCTTGCTATGTTGCCCGGGCTAGGCTC,6.0,chr7,43944351.0,6
(((((.((.(((((.((((((.(((.(..((((((....))))))..).)))))))))..)))))))..))))).......(((.(((((((((.((((((.((((.(((((((((((((.((((((.....((((((((((((.(((((((((((...((((((.(((((((((.(((((((((.(((.(((((((.((..(((((.(((......................((...((((((((....(((((..(((.....))).)))))((((((((.........)).)))))).))))))))...))))).)))))..)).))))))).))).))))))))).))))))))).))))))...))))))))))).))))))))))))................))))))))))))))))))).)))).)))))).))))))).))))),TGGCCAAGCGTGGTGGCTC,CACTTGGAATCCCAGCACTTTGGGAGGCGGAGGTGGGTGGATCACCTAAGGCCAGGAGTTCGAGACCAGCTTGGCCAACATTGTGAAACCCTGTCTCTACTAAAAATAACACAAAAATTAGCCACATGTGGTGGCGAGTGCCTGTAGTCCCAGCTACTCAGGAGGCTGAAGCAGGAGAATCACTTGAACCCNNNNNNNNNNATTTTATTTTTTAGTTTTTTGAGATGGTCTCACTCTGCCACCCAGGCTGGTGGGCAGTGGCATGATTATAGCTCACTGCAGTCTCAAACTCCTGGGCTCAAGCTATCCTTCTGCCTCAACCTCCTGAGGAGCTGGGACAACAGGTGTGTGCCACCACATCTGGCTAATTTTTTTACTTTTATTTTTTCATTTTTGTAGAGATGGGGTCTTGCTATGTTGCCCGGGCTAGGCTC,14.1,chr7,43944338.0,19
(((((.((.(((((.((((((.(((.(..((((((....))))))..).)))))))))..)))))))..))))).......(((.(((((((((.((((((.((((.(((((((((((((.((((((.....((((((((((((.(((((((((((...((((((.(((((((((.(((((((((.(((.(((((((.((..(((((.(((......................((...((((((((....(((((..(((.....))).)))))((((((((.........)).)))))).))))))))...))))).)))))..)).))))))).))).))))))))).))))))))).))))))...))))))))))).))))))))))))................))))))))))))))))))).)))).)))))).))))))).))))),TGGCCAAGCGTGGTGGCTCAC,CTTGGAATCCCAGCACTTTGGGAGGCGGAGGTGGGTGGATCACCTAAGGCCAGGAGTTCGAGACCAGCTTGGCCAACATTGTGAAACCCTGTCTCTACTAAAAATAACACAAAAATTAGCCACATGTGGTGGCGAGTGCCTGTAGTCCCAGCTACTCAGGAGGCTGAAGCAGGAGAATCACTTGAACCCNNNNNNNNNNATTTTATTTTTTAGTTTTTTGAGATGGTCTCACTCTGCCACCCAGGCTGGTGGGCAGTGGCATGATTATAGCTCACTGCAGTCTCAAACTCCTGGGCTCAAGCTATCCTTCTGCCTCAACCTCCTGAGGAGCTGGGACAACAGGTGTGTGCCACCACATCTGGCTAATTTTTTTACTTTTATTTTTTCATTTTTGTAGAGATGGGGTCTTGCTATGTTGCCCGGGCTAGGCTC,18.8,chr7,43944336.0,21
(((((.((.(((((.((((((.(((.(..((((((....))))))..).)))))))))..)))))))..))))).......(((.(((((((((.((((((.((((.(((((((((((((.((((((.....((((((((((((.(((((((((((...((((((.(((((((((.(((((((((.(((.(((((((.((..(((((.(((......................((...((((((((....(((((..(((.....))).)))))((((((((.........)).)))))).))))))))...))))).)))))..)).))))))).))).))))))))).))))))))).))))))...))))))))))).))))))))))))................))))))))))))))))))).)))).)))))).))))))).))))),TGGCCAAGCGTGGTGGCTCACACTTGG,ATCCCAGCACTTTGGGAGGCGGAGGTGGGTGGATCACCTAAGGCCAGGAGTTCGAGACCAGCTTGGCCAACATTGTGAAACCCTGTCTCTACTAAAAATAACACAAAAATTAGCCACATGTGGTGGCGAGTGCCTGTAGTCCCAGCTACTCAGGAGGCTGAAGCAGGAGAATCACTTGAACCCNNNNNNNNNNATTTTATTTTTTAGTTTTTTGAGATGGTCTCACTCTGCCACCCAGGCTGGTGGGCAGTGGCATGATTATAGCTCACTGCAGTCTCAAACTCCTGGGCTCAAGCTATCCTTCTGCCTCAACCTCCTGAGGAGCTGGGACAACAGGTGTGTGCCACCACATCTGGCTAATTTTTTTACTTTTATTTTTTCATTTTTGTAGAGATGGGGTCTTGCTATGTTGCCCGGGCTAGGCTC,3.1,chr7,43944330.0,27
(((((.((.(((((.((((((.(((.(..((((((....))))))..).)))))))))..)))))))..))))).......(((.(((((((((.((((((.((((.(((((((((((((.((((((.....((((((((((((.(((((((((((...((((((.(((((((((.(((((((((.(((.(((((((.((..(((((.(((......................((...((((((((....(((((..(((.....))).)))))((((((((.........)).)))))).))))))))...))))).)))))..)).))))))).))).))))))))).))))))))).))))))...))))))))))).))))))))))))................))))))))))))))))))).)))).)))))).))))))).))))),TGGCCAAGCGTGGTGGCTCACACTTGGA,TCCCAGCACTTTGGGAGGCGGAGGTGGGTGGATCACCTAAGGCCAGGAGTTCGAGACCAGCTTGGCCAACATTGTGAAACCCTGTCTCTACTAAAAATAACACAAAAATTAGCCACATGTGGTGGCGAGTGCCTGTAGTCCCAGCTACTCAGGAGGCTGAAGCAGGAGAATCACTTGAACCCNNNNNNNNNNATTTTATTTTTTAGTTTTTTGAGATGGTCTCACTCTGCCACCCAGGCTGGTGGGCAGTGGCATGATTATAGCTCACTGCAGTCTCAAACTCCTGGGCTCAAGCTATCCTTCTGCCTCAACCTCCTGAGGAGCTGGGACAACAGGTGTGTGCCACCACATCTGGCTAATTTTTTTACTTTTATTTTTTCATTTTTGTAGAGATGGGGTCTTGCTATGTTGCCCGGGCTAGGCTC,0.5,chr7,43944329.0,28
(((((.((.(((((.((((((.(((.(..((((((....))))))..).)))))))))..)))))))..))))).......(((.(((((((((.((((((.((((.(((((((((((((.((((((.....((((((((((((.(((((((((((...((((((.(((((((((.(((((((((.(((.(((((((.((..(((((.(((......................((...((((((((....(((((..(((.....))).)))))((((((((.........)).)))))).))))))))...))))).)))))..)).))))))).))).))))))))).))))))))).))))))...))))))))))).))))))))))))................))))))))))))))))))).)))).)))))).))))))).))))),TGGCCAAGCGTGGTGGCTCACACTTGGAATCCC,GCACTTTGGGAGGCGGAGGTGGGTGGATCACCTAAGGCCAGGAGTTCGAGACCAGCTTGGCCAACATTGTGAAACCCTGTCTCTACTAAAAATAACACAAAAATTAGCCACATGTGGTGGCGAGTGCCTGTAGTCCCAGCTACTCAGGAGGCTGAAGCAGGAGAATCACTTGAACCCNNNNNNNNNNATTTTATTTTTTAGTTTTTTGAGATGGTCTCACTCTGCCACCCAGGCTGGTGGGCAGTGGCATGATTATAGCTCACTGCAGTCTCAAACTCCTGGGCTCAAGCTATCCTTCTGCCTCAACCTCCTGAGGAGCTGGGACAACAGGTGTGTGCCACCACATCTGGCTAATTTTTTTACTTTTATTTTTTCATTTTTGTAGAGATGGGGTCTTGCTATGTTGCCCGGGCTAGGCTC,0.0,chr7,43944324.0,33
(((((.((.(((((.((((((.(((.(..((((((....))))))..).)))))))))..)))))))..))))).......(((.(((((((((.((((((.((((.(((((((((((((.((((((.....((((((((((((.(((((((((((...((((((.(((((((((.(((((((((.(((.(((((((.((..(((((.(((......................((...((((((((....(((((..(((.....))).)))))((((((((.........)).)))))).))))))))...))))).)))))..)).))))))).))).))))))))).))))))))).))))))...))))))))))).))))))))))))................))))))))))))))))))).)))).)))))).))))))).))))),TGGCCAAGCGTGGTGGCTCACACTTGGAATCCCAGC,CTTTGGGAGGCGGAGGTGGGTGGATCACCTAAGGCCAGGAGTTCGAGACCAGCTTGGCCAACATTGTGAAACCCTGTCTCTACTAAAAATAACACAAAAATTAGCCACATGTGGTGGCGAGTGCCTGTAGTCCCAGCTACTCAGGAGGCTGAAGCAGGAGAATCACTTGAACCCNNNNNNNNNNATTTTATTTTTTAGTTTTTTGAGATGGTCTCACTCTGCCACCCAGGCTGGTGGGCAGTGGCATGATTATAGCTCACTGCAGTCTCAAACTCCTGGGCTCAAGCTATCCTTCTGCCTCAACCTCCTGAGGAGCTGGGACAACAGGTGTGTGCCACCACATCTGGCTAATTTTTTTACTTTTATTTTTTCATTTTTGTAGAGATGGGGTCTTGCTATGTTGCCCGGGCTAGGCTC,0.0,chr7,43944321.0,36
(((((.((.(((((.((((((.(((.(..((((((....))))))..).)))))))))..)))))))..))))).......(((.(((((((((.((((((.((((.(((((((((((((.((((((.....((((((((((((.(((((((((((...((((((.(((((((((.(((((((((.(((.(((((((.((..(((((.(((......................((...((((((((....(((((..(((.....))).)))))((((((((.........)).)))))).))))))))...))))).)))))..)).))))))).))).))))))))).))))))))).))))))...))))))))))).))))))))))))................))))))))))))))))))).)))).)))))).))))))).))))),TGGCCAAGCGTGGTGGCTCACACTTGGAATCCCAGCACTTTGGG,GGCGGAGGTGGGTGGATCACCTAAGGCCAGGAGTTCGAGACCAGCTTGGCCAACATTGTGAAACCCTGTCTCTACTAAAAATAACACAAAAATTAGCCACATGTGGTGGCGAGTGCCTGTAGTCCCAGCTACTCAGGAGGCTGAAGCAGGAGAATCACTTGAACCCNNNNNNNNNNATTTTATTTTTTAGTTTTTTGAGATGGTCTCACTCTGCCACCCAGGCTGGTGGGCAGTGGCATGATTATAGCTCACTGCAGTCTCAAACTCCTGGGCTCAAGCTATCCTTCTGCCTCAACCTCCTGAGGAGCTGGGACAACAGGTGTGTGCCACCACATCTGGCTAATTTTTTTACTTTTATTTTTTCATTTTTGTAGAGATGGGGTCTTGCTATGTTGCCCGGGCTAGGCTC,0.0,chr7,43944313.0,44
(((((.((.(((((.((((((.(((.(..((((((....))))))..).)))))))))..)))))))..))))).......(((.(((((((((.((((((.((((.(((((((((((((.((((((.....((((((((((((.(((((((((((...((((((.(((((((((.(((((((((.(((.(((((((.((..(((((.(((......................((...((((((((....(((((..(((.....))).)))))((((((((.........)).)))))).))))))))...))))).)))))..)).))))))).))).))))))))).))))))))).))))))...))))))))))).))))))))))))................))))))))))))))))))).)))).)))))).))))))).))))),TGGCCAAGCGTGGTGGCTCACACTTGGAATCCCAGCACTTTGGGAGGCGG,GGTGGGTGGATCACCTAAGGCCAGGAGTTCGAGACCAGCTTGGCCAACATTGTGAAACCCTGTCTCTACTAAAAATAACACAAAAATTAGCCACATGTGGTGGCGAGTGCCTGTAGTCCCAGCTACTCAGGAGGCTGAAGCAGGAGAATCACTTGAACCCNNNNNNNNNNATTTTATTTTTTAGTTTTTTGAGATGGTCTCACTCTGCCACCCAGGCTGGTGGGCAGTGGCATGATTATAGCTCACTGCAGTCTCAAACTCCTGGGCTCAAGCTATCCTTCTGCCTCAACCTCCTGAGGAGCTGGGACAACAGGTGTGTGCCACCACATCTGGCTAATTTTTTTACTTTTATTTTTTCATTTTTGTAGAGATGGGGTCTTGCTATGTTGCCCGGGCTAGGCTC,0.0,chr7,43944307.0,50
(((((.((.(((((.((((((.(((.(..((((((....))))))..).)))))))))..)))))))..))))).......(((.(((((((((.((((((.((((.(((((((((((((.((((((.....((((((((((((.(((((((((((...((((((.(((((((((.(((((((((.(((.(((((((.((..(((((.(((......................((...((((((((....(((((..(((.....))).)))))((((((((.........)).)))))).))))))))...))))).)))))..)).))))))).))).))))))))).))))))))).))))))...))))))))))).))))))))))))................))))))))))))))))))).)))).)))))).))))))).))))),TGGCCAAGCGTGGTGGCTCACACTTGGAATCCCAGCACTTTGGGAGGCGGAGGTGGGTGG,TCACCTAAGGCCAGGAGTTCGAGACCAGCTTGGCCAACATTGTGAAACCCTGTCTCTACTAAAAATAACACAAAAATTAGCCACATGTGGTGGCGAGTGCCTGTAGTCCCAGCTACTCAGGAGGCTGAAGCAGGAGAATCACTTGAACCCNNNNNNNNNNATTTTATTTTTTAGTTTTTTGAGATGGTCTCACTCTGCCACCCAGGCTGGTGGGCAGTGGCATGATTATAGCTCACTGCAGTCTCAAACTCCTGGGCTCAAGCTATCCTTCTGCCTCAACCTCCTGAGGAGCTGGGACAACAGGTGTGTGCCACCACATCTGGCTAATTTTTTTACTTTTATTTTTTCATTTTTGTAGAGATGGGGTCTTGCTATGTTGCCCGGGCTAGGCTC,0.0,chr7,43944297.0,60
(((((.((.(((((.((((((.(((.(..((((((....))))))..).)))))))))..)))))))..))))).......(((.(((((((((.((((((.((((.(((((((((((((.((((((.....((((((((((((.(((((((((((...((((((.(((((((((.(((((((((.(((.(((((((.((..(((((.(((......................((...((((((((....(((((..(((.....))).)))))((((((((.........)).)))))).))))))))...))))).)))))..)).))))))).))).))))))))).))))))))).))))))...))))))))))).))))))))))))................))))))))))))))))))).)))).)))))).))))))).))))),TGGCCAAGCGTGGTGGCTCACACTTGGAATCCCAGCACTTTGGGAGGCGGAGGTGGGTGGATC,CCTAAGGCCAGGAGTTCGAGACCAGCTTGGCCAACATTGTGAAACCCTGTCTCTACTAAAAATAACACAAAAATTAGCCACATGTGGTGGCGAGTGCCTGTAGTCCCAGCTACTCAGGAGGCTGAAGCAGGAGAATCACTTGAACCCNNNNNNNNNNATTTTATTTTTTAGTTTTTTGAGATGGTCTCACTCTGCCACCCAGGCTGGTGGGCAGTGGCATGATTATAGCTCACTGCAGTCTCAAACTCCTGGGCTCAAGCTATCCTTCTGCCTCAACCTCCTGAGGAGCTGGGACAACAGGTGTGTGCCACCACATCTGGCTAATTTTTTTACTTTTATTTTTTCATTTTTGTAGAGATGGGGTCTTGCTATGTTGCCCGGGCTAGGCTC,0.5,chr7,43944294.0,63
(((((.((.(((((.((((((.(((.(..((((((....))))))..).)))))))))..)))))))..))))).......(((.(((((((((.((((((.((((.(((((((((((((.((((((.....((((((((((((.(((((((((((...((((((.(((((((((.(((((((((.(((.(((((((.((..(((((.(((......................((...((((((((....(((((..(((.....))).)))))((((((((.........)).)))))).))))))))...))))).)))))..)).))))))).))).))))))))).))))))))).))))))...))))))))))).))))))))))))................))))))))))))))))))).)))).)))))).))))))).))))),TGGCCAAGCGTGGTGGCTCACACTTGGAATCCCAGCACTTTGGGAGGCGGAGGTGGGTGGATCACCT,AGGCCAGGAGTTCGAGACCAGCTTGGCCAACATTGTGAAACCCTGTCTCTACTAAAAATAACACAAAAATTAGCCACATGTGGTGGCGAGTGCCTGTAGTCCCAGCTACTCAGGAGGCTGAAGCAGGAGAATCACTTGAACCCNNNNNNNNNNATTTTATTTTTTAGTTTTTTGAGATGGTCTCACTCTGCCACCCAGGCTGGTGGGCAGTGGCATGATTATAGCTCACTGCAGTCTCAAACTCCTGGGCTCAAGCTATCCTTCTGCCTCAACCTCCTGAGGAGCTGGGACAACAGGTGTGTGCCACCACATCTGGCTAATTTTTTTACTTTTATTTTTTCATTTTTGTAGAGATGGGGTCTTGCTATGTTGCCCGGGCTAGGCTC,1.3,chr7,43944290.0,67
(((((.((.(((((.((((((.(((.(..((((((....))))))..).)))))))))..)))))))..))))).......(((.(((((((((.((((((.((((.(((((((((((((.((((((.....((((((((((((.(((((((((((...((((((.(((((((((.(((((((((.(((.(((((((.((..(((((.(((......................((...((((((((....(((((..(((.....))).)))))((((((((.........)).)))))).))))))))...))))).)))))..)).))))))).))).))))))))).))))))))).))))))...))))))))))).))))))))))))................))))))))))))))))))).)))).)))))).))))))).))))),TGGCCAAGCGTGGTGGCTCACACTTGGAATCCCAGCACTTTGGGAGGCGGAGGTGGGTGGATCACCTA,GGCCAGGAGTTCGAGACCAGCTTGGCCAACATTGTGAAACCCTGTCTCTACTAAAAATAACACAAAAATTAGCCACATGTGGTGGCGAGTGCCTGTAGTCCCAGCTACTCAGGAGGCTGAAGCAGGAGAATCACTTGAACCCNNNNNNNNNNATTTTATTTTTTAGTTTTTTGAGATGGTCTCACTCTGCCACCCAGGCTGGTGGGCAGTGGCATGATTATAGCTCACTGCAGTCTCAAACTCCTGGGCTCAAGCTATCCTTCTGCCTCAACCTCCTGAGGAGCTGGGACAACAGGTGTGTGCCACCACATCTGGCTAATTTTTTTACTTTTATTTTTTCATTTTTGTAGAGATGGGGTCTTGCTATGTTGCCCGGGCTAGGCTC,0.4,chr7,43944289.0,68
(((((.((.(((((.((((((.(((.(..((((((....))))))..).)))))))))..)))))))..))))).......(((.(((((((((.((((((.((((.(((((((((((((.((((((.....((((((((((((.(((((((((((...((((((.(((((((((.(((((((((.(((.(((((((.((..(((((.(((......................((...((((((((....(((((..(((.....))).)))))((((((((.........)).)))))).))))))))...))))).)))))..)).))))))).))).))))))))).))))))))).))))))...))))))))))).))))))))))))................))))))))))))))))))).)))).)))))).))))))).))))),TGGCCAAGCGTGGTGGCTCACACTTGGAATCCCAGCACTTTGGGAGGCGGAGGTGGGTGGATCACCTAAGGCC,GGAGTTCGAGACCAGCTTGGCCAACATTGTGAAACCCTGTCTCTACTAAAAATAACACAAAAATTAGCCACATGTGGTGGCGAGTGCCTGTAGTCCCAGCTACTCAGGAGGCTGAAGCAGGAGAATCACTTGAACCCNNNNNNNNNNATTTTATTTTTTAGTTTTTTGAGATGGTCTCACTCTGCCACCCAGGCTGGTGGGCAGTGGCATGATTATAGCTCACTGCAGTCTCAAACTCCTGGGCTCAAGCTATCCTTCTGCCTCAACCTCCTGAGGAGCTGGGACAACAGGTGTGTGCCACCACATCTGGCTAATTTTTTTACTTTTATTTTTTCATTTTTGTAGAGATGGGGTCTTGCTATGTTGCCCGGGCTAGGCTC,1.2,chr7,43944284.0,73
(((((.((.(((((.((((((.(((.(..((((((....))))))..).)))))))))..)))))))..))))).......(((.(((((((((.((((((.((((.(((((((((((((.((((((.....((((((((((((.(((((((((((...((((((.(((((((((.(((((((((.(((.(((((((.((..(((((.(((......................((...((((((((....(((((..(((.....))).)))))((((((((.........)).)))))).))))))))...))))).)))))..)).))))))).))).))))))))).))))))))).))))))...))))))))))).))))))))))))................))))))))))))))))))).)))).)))))).))))))).))))),TGGCCAAGCGTGGTGGCTCACACTTGGAATCCCAGCACTTTGGGAGGCGGAGGTGGGTGGATCACCTAAGGCCAGG,GTTCGAGACCAGCTTGGCCAACATTGTGAAACCCTGTCTCTACTAAAAATAACACAAAAATTAGCCACATGTGGTGGCGAGTGCCTGTAGTCCCAGCTACTCAGGAGGCTGAAGCAGGAGAATCACTTGAACCCNNNNNNNNNNATTTTATTTTTTAGTTTTTTGAGATGGTCTCACTCTGCCACCCAGGCTGGTGGGCAGTGGCATGATTATAGCTCACTGCAGTCTCAAACTCCTGGGCTCAAGCTATCCTTCTGCCTCAACCTCCTGAGGAGCTGGGACAACAGGTGTGTGCCACCACATCTGGCTAATTTTTTTACTTTTATTTTTTCATTTTTGTAGAGATGGGGTCTTGCTATGTTGCCCGGGCTAGGCTC,0.0,chr7,43944281.0,76
(((((.((.(((((.((((((.(((.(..((((((....))))))..).)))))))))..)))))))..))))).......(((.(((((((((.((((((.((((.(((((((((((((.((((((.....((((((((((((.(((((((((((...((((((.(((((((((.(((((((((.(((.(((((((.((..(((((.(((......................((...((((((((....(((((..(((.....))).)))))((((((((.........)).)))))).))))))))...))))).)))))..)).))))))).))).))))))))).))))))))).))))))...))))))))))).))))))))))))................))))))))))))))))))).)))).)))))).))))))).))))),TGGCCAAGCGTGGTGGCTCACACTTGGAATCCCAGCACTTTGGGAGGCGGAGGTGGGTGGATCACCTAAGGCCAGGAGTTCG,GACCAGCTTGGCCAACATTGTGAAACCCTGTCTCTACTAAAAATAACACAAAAATTAGCCACATGTGGTGGCGAGTGCCTGTAGTCCCAGCTACTCAGGAGGCTGAAGCAGGAGAATCACTTGAACCCNNNNNNNNNNATTTTATTTTTTAGTTTTTTGAGATGGTCTCACTCTGCCACCCAGGCTGGTGGGCAGTGGCATGATTATAGCTCACTGCAGTCTCAAACTCCTGGGCTCAAGCTATCCTTCTGCCTCAACCTCCTGAGGAGCTGGGACAACAGGTGTGTGCCACCACATCTGGCTAATTTTTTTACTTTTATTTTTTCATTTTTGTAGAGATGGGGTCTTGCTATGTTGCCCGGGCTAGGCTC,0.0,chr7,43944275.0,82
(((((.((.(((((.((((((.(((.(..((((((....))))))..).)))))))))..)))))))..))))).......(((.(((((((((.((((((.((((.(((((((((((((.((((((.....((((((((((((.(((((((((((...((((((.(((((((((.(((((((((.(((.(((((((.((..(((((.(((......................((...((((((((....(((((..(((.....))).)))))((((((((.........)).)))))).))))))))...))))).)))))..)).))))))).))).))))))))).))))))))).))))))...))))))))))).))))))))))))................))))))))))))))))))).)))).)))))).))))))).))))),TGGCCAAGCGTGGTGGCTCACACTTGGAATCCCAGCACTTTGGGAGGCGGAGGTGGGTGGATCACCTAAGGCCAGGAGTTCGAG,CCAGCTTGGCCAACATTGTGAAACCCTGTCTCTACTAAAAATAACACAAAAATTAGCCACATGTGGTGGCGAGTGCCTGTAGTCCCAGCTACTCAGGAGGCTGAAGCAGGAGAATCACTTGAACCCNNNNNNNNNNATTTTATTTTTTAGTTTTTTGAGATGGTCTCACTCTGCCACCCAGGCTGGTGGGCAGTGGCATGATTATAGCTCACTGCAGTCTCAAACTCCTGGGCTCAAGCTATCCTTCTGCCTCAACCTCCTGAGGAGCTGGGACAACAGGTGTGTGCCACCACATCTGGCTAATTTTTTTACTTTTATTTTTTCATTTTTGTAGAGATGGGGTCTTGCTATGTTGCCCGGGCTAGGCTC,0.0,chr7,43944273.0,84
(((((.((.(((((.((((((.(((.(..((((((....))))))..).)))))))))..)))))))..))))).......(((.(((((((((.((((((.((((.(((((((((((((.((((((.....((((((((((((.(((((((((((...((((((.(((((((((.(((((((((.(((.(((((((.((..(((((.(((......................((...((((((((....(((((..(((.....))).)))))((((((((.........)).)))))).))))))))...))))).)))))..)).))))))).))).))))))))).))))))))).))))))...))))))))))).))))))))))))................))))))))))))))))))).)))).)))))).))))))).))))),TGGCCAAGCGTGGTGGCTCACACTTGGAATCCCAGCACTTTGGGAGGCGGAGGTGGGTGGATCACCTAAGGCCAGGAGTTCGAGACC,GCTTGGCCAACATTGTGAAACCCTGTCTCTACTAAAAATAACACAAAAATTAGCCACATGTGGTGGCGAGTGCCTGTAGTCCCAGCTACTCAGGAGGCTGAAGCAGGAGAATCACTTGAACCCNNNNNNNNNNATTTTATTTTTTAGTTTTTTGAGATGGTCTCACTCTGCCACCCAGGCTGGTGGGCAGTGGCATGATTATAGCTCACTGCAGTCTCAAACTCCTGGGCTCAAGCTATCCTTCTGCCTCAACCTCCTGAGGAGCTGGGACAACAGGTGTGTGCCACCACATCTGGCTAATTTTTTTACTTTTATTTTTTCATTTTTGTAGAGATGGGGTCTTGCTATGTTGCCCGGGCTAGGCTC,0.0,chr7,43944270.0,87
(((((.((.(((((.((((((.(((.(..((((((....))))))..).)))))))))..)))))))..))))).......(((.(((((((((.((((((.((((.(((((((((((((.((((((.....((((((((((((.(((((((((((...((((((.(((((((((.(((((((((.(((.(((((((.((..(((((.(((......................((...((((((((....(((((..(((.....))).)))))((((((((.........)).)))))).))))))))...))))).)))))..)).))))))).))).))))))))).))))))))).))))))...))))))))))).))))))))))))................))))))))))))))))))).)))).)))))).))))))).))))),TGGCCAAGCGTGGTGGCTCACACTTGGAATCCCAGCACTTTGGGAGGCGGAGGTGGGTGGATCACCTAAGGCCAGGAGTTCGAGACCAGCTTGGCC,ACATTGTGAAACCCTGTCTCTACTAAAAATAACACAAAAATTAGCCACATGTGGTGGCGAGTGCCTGTAGTCCCAGCTACTCAGGAGGCTGAAGCAGGAGAATCACTTGAACCCNNNNNNNNNNATTTTATTTTTTAGTTTTTTGAGATGGTCTCACTCTGCCACCCAGGCTGGTGGGCAGTGGCATGATTATAGCTCACTGCAGTCTCAAACTCCTGGGCTCAAGCTATCCTTCTGCCTCAACCTCCTGAGGAGCTGGGACAACAGGTGTGTGCCACCACATCTGGCTAATTTTTTTACTTTTATTTTTTCATTTTTGTAGAGATGGGGTCTTGCTATGTTGCCCGGGCTAGGCTC,0.4,chr7,43944261.0,96
(((((.((.(((((.((((((.(((.(..((((((....))))))..).)))))))))..)))))))..))))).......(((.(((((((((.((((((.((((.(((((((((((((.((((((.....((((((((((((.(((((((((((...((((((.(((((((((.(((((((((.(((.(((((((.((..(((((.(((......................((...((((((((....(((((..(((.....))).)))))((((((((.........)).)))))).))))))))...))))).)))))..)).))))))).))).))))))))).))))))))).))))))...))))))))))).))))))))))))................))))))))))))))))))).)))).)))))).))))))).))))),TGGCCAAGCGTGGTGGCTCACACTTGGAATCCCAGCACTTTGGGAGGCGGAGGTGGGTGGATCACCTAAGGCCAGGAGTTCGAGACCAGCTTGGCCA,CATTGTGAAACCCTGTCTCTACTAAAAATAACACAAAAATTAGCCACATGTGGTGGCGAGTGCCTGTAGTCCCAGCTACTCAGGAGGCTGAAGCAGGAGAATCACTTGAACCCNNNNNNNNNNATTTTATTTTTTAGTTTTTTGAGATGGTCTCACTCTGCCACCCAGGCTGGTGGGCAGTGGCATGATTATAGCTCACTGCAGTCTCAAACTCCTGGGCTCAAGCTATCCTTCTGCCTCAACCTCCTGAGGAGCTGGGACAACAGGTGTGTGCCACCACATCTGGCTAATTTTTTTACTTTTATTTTTTCATTTTTGTAGAGATGGGGTCTTGCTATGTTGCCCGGGCTAGGCTC,5.7,chr7,43944260.0,97
(((((.((.(((((.((((((.(((.(..((((((....))))))..).)))))))))..)))))))..))))).......(((.(((((((((.((((((.((((.(((((((((((((.((((((.....((((((((((((.(((((((((((...((((((.(((((((((.(((((((((.(((.(((((((.((..(((((.(((......................((...((((((((....(((((..(((.....))).)))))((((((((.........)).)))))).))))))))...))))).)))))..)).))))))).))).))))))))).))))))))).))))))...))))))))))).))))))))))))................))))))))))))))))))).)))).)))))).))))))).))))),TGGCCAAGCGTGGTGGCTCACACTTGGAATCCCAGCACTTTGGGAGGCGGAGGTGGGTGGATCACCTAAGGCCAGGAGTTCGAGACCAGCTTGGCCAAC,TTGTGAAACCCTGTCTCTACTAAAAATAACACAAAAATTAGCCACATGTGGTGGCGAGTGCCTGTAGTCCCAGCTACTCAGGAGGCTGAAGCAGGAGAATCACTTGAACCCNNNNNNNNNNATTTTATTTTTTAGTTTTTTGAGATGGTCTCACTCTGCCACCCAGGCTGGTGGGCAGTGGCATGATTATAGCTCACTGCAGTCTCAAACTCCTGGGCTCAAGCTATCCTTCTGCCTCAACCTCCTGAGGAGCTGGGACAACAGGTGTGTGCCACCACATCTGGCTAATTTTTTTACTTTTATTTTTTCATTTTTGTAGAGATGGGGTCTTGCTATGTTGCCCGGGCTAGGCTC,3.7,chr7,43944258.0,99
(((((.((.(((((.((((((.(((.(..((((((....))))))..).)))))))))..)))))))..))))).......(((.(((((((((.((((((.((((.(((((((((((((.((((((.....((((((((((((.(((((((((((...((((((.(((((((((.(((((((((.(((.(((((((.((..(((((.(((......................((...((((((((....(((((..(((.....))).)))))((((((((.........)).)))))).))))))))...))))).)))))..)).))))))).))).))))))))).))))))))).))))))...))))))))))).))))))))))))................))))))))))))))))))).)))).)))))).))))))).))))),TGGCCAAGCGTGGTGGCTCACACTTGGAATCCCAGCACTTTGGGAGGCGGAGGTGGGTGGATCACCTAAGGCCAGGAGTTCGAGACCAGCTTGGCCAACATTGTG,AACCCTGTCTCTACTAAAAATAACACAAAAATTAGCCACATGTGGTGGCGAGTGCCTGTAGTCCCAGCTACTCAGGAGGCTGAAGCAGGAGAATCACTTGAACCCNNNNNNNNNNATTTTATTTTTTAGTTTTTTGAGATGGTCTCACTCTGCCACCCAGGCTGGTGGGCAGTGGCATGATTATAGCTCACTGCAGTCTCAAACTCCTGGGCTCAAGCTATCCTTCTGCCTCAACCTCCTGAGGAGCTGGGACAACAGGTGTGTGCCACCACATCTGGCTAATTTTTTTACTTTTATTTTTTCATTTTTGTAGAGATGGGGTCTTGCTATGTTGCCCGGGCTAGGCTC,0.0,chr7,43944252.0,105
(((((.((.(((((.((((((.(((.(..((((((....))))))..).)))))))))..)))))))..))))).......(((.(((((((((.((((((.((((.(((((((((((((.((((((.....((((((((((((.(((((((((((...((((((.(((((((((.(((((((((.(((.(((((((.((..(((((.(((......................((...((((((((....(((((..(((.....))).)))))((((((((.........)).)))))).))))))))...))))).)))))..)).))))))).))).))))))))).))))))))).))))))...))))))))))).))))))))))))................))))))))))))))))))).)))).)))))).))))))).))))),TGGCCAAGCGTGGTGGCTCACACTTGGAATCCCAGCACTTTGGGAGGCGGAGGTGGGTGGATCACCTAAGGCCAGGAGTTCGAGACCAGCTTGGCCAACATTGTGA,ACCCTGTCTCTACTAAAAATAACACAAAAATTAGCCACATGTGGTGGCGAGTGCCTGTAGTCCCAGCTACTCAGGAGGCTGAAGCAGGAGAATCACTTGAACCCNNNNNNNNNNATTTTATTTTTTAGTTTTTTGAGATGGTCTCACTCTGCCACCCAGGCTGGTGGGCAGTGGCATGATTATAGCTCACTGCAGTCTCAAACTCCTGGGCTCAAGCTATCCTTCTGCCTCAACCTCCTGAGGAGCTGGGACAACAGGTGTGTGCCACCACATCTGGCTAATTTTTTTACTTTTATTTTTTCATTTTTGTAGAGATGGGGTCTTGCTATGTTGCCCGGGCTAGGCTC,0.0,chr7,43944251.0,106
(((((.((.(((((.((((((.(((.(..((((((....))))))..).)))))))))..)))))))..))))).......(((.(((((((((.((((((.((((.(((((((((((((.((((((.....((((((((((((.(((((((((((...((((((.(((((((((.(((((((((.(((.(((((((.((..(((((.(((......................((...((((((((....(((((..(((.....))).)))))((((((((.........)).)))))).))))))))...))))).)))))..)).))))))).))).))))))))).))))))))).))))))...))))))))))).))))))))))))................))))))))))))))))))).)))).)))))).))))))).))))),TGGCCAAGCGTGGTGGCTCACACTTGGAATCCCAGCACTTTGGGAGGCGGAGGTGGGTGGATCACCTAAGGCCAGGAGTTCGAGACCAGCTTGGCCAACATTGTGAA,CCCTGTCTCTACTAAAAATAACACAAAAATTAGCCACATGTGGTGGCGAGTGCCTGTAGTCCCAGCTACTCAGGAGGCTGAAGCAGGAGAATCACTTGAACCCNNNNNNNNNNATTTTATTTTTTAGTTTTTTGAGATGGTCTCACTCTGCCACCCAGGCTGGTGGGCAGTGGCATGATTATAGCTCACTGCAGTCTCAAACTCCTGGGCTCAAGCTATCCTTCTGCCTCAACCTCCTGAGGAGCTGGGACAACAGGTGTGTGCCACCACATCTGGCTAATTTTTTTACTTTTATTTTTTCATTTTTGTAGAGATGGGGTCTTGCTATGTTGCCCGGGCTAGGCTC,2.7,chr7,43944250.0,107
(((((.((.(((((.((((((.(((.(..((((((....))))))..).)))))))))..)))))))..))))).......(((.(((((((((.((((((.((((.(((((((((((((.((((((.....((((((((((((.(((((((((((...((((((.(((((((((.(((((((((.(((.(((((((.((..(((((.(((......................((...((((((((....(((((..(((.....))).)))))((((((((.........)).)))))).))))))))...))))).)))))..)).))))))).))).))))))))).))))))))).))))))...))))))))))).))))))))))))................))))))))))))))))))).)))).)))))).))))))).))))),TGGCCAAGCGTGGTGGCTCACACTTGGAATCCCAGCACTTTGGGAGGCGGAGGTGGGTGGATCACCTAAGGCCAGGAGTTCGAGACCAGCTTGGCCAACATTGTGAAACCCTGTCTCT,CTAAAAATAACACAAAAATTAGCCACATGTGGTGGCGAGTGCCTGTAGTCCCAGCTACTCAGGAGGCTGAAGCAGGAGAATCACTTGAACCCNNNNNNNNNNATTTTATTTTTTAGTTTTTTGAGATGGTCTCACTCTGCCACCCAGGCTGGTGGGCAGTGGCATGATTATAGCTCACTGCAGTCTCAAACTCCTGGGCTCAAGCTATCCTTCTGCCTCAACCTCCTGAGGAGCTGGGACAACAGGTGTGTGCCACCACATCTGGCTAATTTTTTTACTTTTATTTTTTCATTTTTGTAGAGATGGGGTCTTGCTATGTTGCCCGGGCTAGGCTC,0.0,chr7,43944239.0,118
(((((.((.(((((.((((((.(((.(..((((((....))))))..).)))))))))..)))))))..))))).......(((.(((((((((.((((((.((((.(((((((((((((.((((((.....((((((((((((.(((((((((((...((((((.(((((((((.(((((((((.(((.(((((((.((..(((((.(((......................((...((((((((....(((((..(((.....))).)))))((((((((.........)).)))))).))))))))...))))).)))))..)).))))))).))).))))))))).))))))))).))))))...))))))))))).))))))))))))................))))))))))))))))))).)))).)))))).))))))).))))),TGGCCAAGCGTGGTGGCTCACACTTGGAATCCCAGCACTTTGGGAGGCGGAGGTGGGTGGATCACCTAAGGCCAGGAGTTCGAGACCAGCTTGGCCAACATTGTGAAACCCTGTCTCTACT,AAAATAACACAAAAATTAGCCACATGTGGTGGCGAGTGCCTGTAGTCCCAGCTACTCAGGAGGCTGAAGCAGGAGAATCACTTGAACCCNNNNNNNNNNATTTTATTTTTTAGTTTTTTGAGATGGTCTCACTCTGCCACCCAGGCTGGTGGGCAGTGGCATGATTATAGCTCACTGCAGTCTCAAACTCCTGGGCTCAAGCTATCCTTCTGCCTCAACCTCCTGAGGAGCTGGGACAACAGGTGTGTGCCACCACATCTGGCTAATTTTTTTACTTTTATTTTTTCATTTTTGTAGAGATGGGGTCTTGCTATGTTGCCCGGGCTAGGCTC,0.0,chr7,43944236.0,121
(((((.((.(((((.((((((.(((.(..((((((....))))))..).)))))))))..)))))))..))))).......(((.(((((((((.((((((.((((.(((((((((((((.((((((.....((((((((((((.(((((((((((...((((((.(((((((((.(((((((((.(((.(((((((.((..(((((.(((......................((...((((((((....(((((..(((.....))).)))))((((((((.........)).)))))).))))))))...))))).)))))..)).))))))).))).))))))))).))))))))).))))))...))))))))))).))))))))))))................))))))))))))))))))).)))).)))))).))))))).))))),TGGCCAAGCGTGGTGGCTCACACTTGGAATCCCAGCACTTTGGGAGGCGGAGGTGGGTGGATCACCTAAGGCCAGGAGTTCGAGACCAGCTTGGCCAACATTGTGAAACCCTGTCTCTACTA,AAATAACACAAAAATTAGCCACATGTGGTGGCGAGTGCCTGTAGTCCCAGCTACTCAGGAGGCTGAAGCAGGAGAATCACTTGAACCCNNNNNNNNNNATTTTATTTTTTAGTTTTTTGAGATGGTCTCACTCTGCCACCCAGGCTGGTGGGCAGTGGCATGATTATAGCTCACTGCAGTCTCAAACTCCTGGGCTCAAGCTATCCTTCTGCCTCAACCTCCTGAGGAGCTGGGACAACAGGTGTGTGCCACCACATCTGGCTAATTTTTTTACTTTTATTTTTTCATTTTTGTAGAGATGGGGTCTTGCTATGTTGCCCGGGCTAGGCTC,0.9,chr7,43944235.0,122
(((((.((.(((((.((((((.(((.(..((((((....))))))..).)))))))))..)))))))..))))).......(((.(((((((((.((((((.((((.(((((((((((((.((((((.....((((((((((((.(((((((((((...((((((.(((((((((.(((((((((.(((.(((((((.((..(((((.(((......................((...((((((((....(((((..(((.....))).)))))((((((((.........)).)))))).))))))))...))))).)))))..)).))))))).))).))))))))).))))))))).))))))...))))))))))).))))))))))))................))))))))))))))))))).)))).)))))).))))))).))))),TGGCCAAGCGTGGTGGCTCACACTTGGAATCCCAGCACTTTGGGAGGCGGAGGTGGGTGGATCACCTAAGGCCAGGAGTTCGAGACCAGCTTGGCCAACATTGTGAAACCCTGTCTCTACTAA,AATAACACAAAAATTAGCCACATGTGGTGGCGAGTGCCTGTAGTCCCAGCTACTCAGGAGGCTGAAGCAGGAGAATCACTTGAACCCNNNNNNNNNNATTTTATTTTTTAGTTTTTTGAGATGGTCTCACTCTGCCACCCAGGCTGGTGGGCAGTGGCATGATTATAGCTCACTGCAGTCTCAAACTCCTGGGCTCAAGCTATCCTTCTGCCTCAACCTCCTGAGGAGCTGGGACAACAGGTGTGTGCCACCACATCTGGCTAATTTTTTTACTTTTATTTTTTCATTTTTGTAGAGATGGGGTCTTGCTATGTTGCCCGGGCTAGGCTC,0.0,chr7,43944234.0,123
(((((.((.(((((.((((((.(((.(..((((((....))))))..).)))))))))..)))))))..))))).......(((.(((((((((.((((((.((((.(((((((((((((.((((((.....((((((((((((.(((((((((((...((((((.(((((((((.(((((((((.(((.(((((((.((..(((((.(((......................((...((((((((....(((((..(((.....))).)))))((((((((.........)).)))))).))))))))...))))).)))))..)).))))))).))).))))))))).))))))))).))))))...))))))))))).))))))))))))................))))))))))))))))))).)))).)))))).))))))).))))),TGGCCAAGCGTGGTGGCTCACACTTGGAATCCCAGCACTTTGGGAGGCGGAGGTGGGTGGATCACCTAAGGCCAGGAGTTCGAGACCAGCTTGGCCAACATTGTGAAACCCTGTCTCTACTAAA,ATAACACAAAAATTAGCCACATGTGGTGGCGAGTGCCTGTAGTCCCAGCTACTCAGGAGGCTGAAGCAGGAGAATCACTTGAACCCNNNNNNNNNNATTTTATTTTTTAGTTTTTTGAGATGGTCTCACTCTGCCACCCAGGCTGGTGGGCAGTGGCATGATTATAGCTCACTGCAGTCTCAAACTCCTGGGCTCAAGCTATCCTTCTGCCTCAACCTCCTGAGGAGCTGGGACAACAGGTGTGTGCCACCACATCTGGCTAATTTTTTTACTTTTATTTTTTCATTTTTGTAGAGATGGGGTCTTGCTATGTTGCCCGGGCTAGGCTC,0.0,chr7,43944233.0,124
(((((.((.(((((.((((((.(((.(..((((((....))))))..).)))))))))..)))))))..))))).......(((.(((((((((.((((((.((((.(((((((((((((.((((((.....((((((((((((.(((((((((((...((((((.(((((((((.(((((((((.(((.(((((((.((..(((((.(((......................((...((((((((....(((((..(((.....))).)))))((((((((.........)).)))))).))))))))...))))).)))))..)).))))))).))).))))))))).))))))))).))))))...))))))))))).))))))))))))................))))))))))))))))))).)))).)))))).))))))).))))),TGGCCAAGCGTGGTGGCTCACACTTGGAATCCCAGCACTTTGGGAGGCGGAGGTGGGTGGATCACCTAAGGCCAGGAGTTCGAGACCAGCTTGGCCAACATTGTGAAACCCTGTCTCTACTAAAA,TAACACAAAAATTAGCCACATGTGGTGGCGAGTGCCTGTAGTCCCAGCTACTCAGGAGGCTGAAGCAGGAGAATCACTTGAACCCNNNNNNNNNNATTTTATTTTTTAGTTTTTTGAGATGGTCTCACTCTGCCACCCAGGCTGGTGGGCAGTGGCATGATTATAGCTCACTGCAGTCTCAAACTCCTGGGCTCAAGCTATCCTTCTGCCTCAACCTCCTGAGGAGCTGGGACAACAGGTGTGTGCCACCACATCTGGCTAATTTTTTTACTTTTATTTTTTCATTTTTGTAGAGATGGGGTCTTGCTATGTTGCCCGGGCTAGGCTC,0.0,chr7,43944232.0,125
(((((.((.(((((.((((((.(((.(..((((((....))))))..).)))))))))..)))))))..))))).......(((.(((((((((.((((((.((((.(((((((((((((.((((((.....((((((((((((.(((((((((((...((((((.(((((((((.(((((((((.(((.(((((((.((..(((((.(((......................((...((((((((....(((((..(((.....))).)))))((((((((.........)).)))))).))))))))...))))).)))))..)).))))))).))).))))))))).))))))))).))))))...))))))))))).))))))))))))................))))))))))))))))))).)))).)))))).))))))).))))),TGGCCAAGCGTGGTGGCTCACACTTGGAATCCCAGCACTTTGGGAGGCGGAGGTGGGTGGATCACCTAAGGCCAGGAGTTCGAGACCAGCTTGGCCAACATTGTGAAACCCTGTCTCTACTAAAAAT,ACACAAAAATTAGCCACATGTGGTGGCGAGTGCCTGTAGTCCCAGCTACTCAGGAGGCTGAAGCAGGAGAATCACTTGAACCCNNNNNNNNNNATTTTATTTTTTAGTTTTTTGAGATGGTCTCACTCTGCCACCCAGGCTGGTGGGCAGTGGCATGATTATAGCTCACTGCAGTCTCAAACTCCTGGGCTCAAGCTATCCTTCTGCCTCAACCTCCTGAGGAGCTGGGACAACAGGTGTGTGCCACCACATCTGGCTAATTTTTTTACTTTTATTTTTTCATTTTTGTAGAGATGGGGTCTTGCTATGTTGCCCGGGCTAGGCTC,0.0,chr7,43944230.0,127
(((((.((.(((((.((((((.(((.(..((((((....))))))..).)))))))))..)))))))..))))).......(((.(((((((((.((((((.((((.(((((((((((((.((((((.....((((((((((((.(((((((((((...((((((.(((((((((.(((((((((.(((.(((((((.((..(((((.(((......................((...((((((((....(((((..(((.....))).)))))((((((((.........)).)))))).))))))))...))))).)))))..)).))))))).))).))))))))).))))))))).))))))...))))))))))).))))))))))))................))))))))))))))))))).)))).)))))).))))))).))))),TGGCCAAGCGTGGTGGCTCACACTTGGAATCCCAGCACTTTGGGAGGCGGAGGTGGGTGGATCACCTAAGGCCAGGAGTTCGAGACCAGCTTGGCCAACATTGTGAAACCCTGTCTCTACTAAAAATA,CACAAAAATTAGCCACATGTGGTGGCGAGTGCCTGTAGTCCCAGCTACTCAGGAGGCTGAAGCAGGAGAATCACTTGAACCCNNNNNNNNNNATTTTATTTTTTAGTTTTTTGAGATGGTCTCACTCTGCCACCCAGGCTGGTGGGCAGTGGCATGATTATAGCTCACTGCAGTCTCAAACTCCTGGGCTCAAGCTATCCTTCTGCCTCAACCTCCTGAGGAGCTGGGACAACAGGTGTGTGCCACCACATCTGGCTAATTTTTTTACTTTTATTTTTTCATTTTTGTAGAGATGGGGTCTTGCTATGTTGCCCGGGCTAGGCTC,0.0,chr7,43944229.0,128
(((((.((.(((((.((((((.(((.(..((((((....))))))..).)))))))))..)))))))..))))).......(((.(((((((((.((((((.((((.(((((((((((((.((((((.....((((((((((((.(((((((((((...((((((.(((((((((.(((((((((.(((.(((((((.((..(((((.(((......................((...((((((((....(((((..(((.....))).)))))((((((((.........)).)))))).))))))))...))))).)))))..)).))))))).))).))))))))).))))))))).))))))...))))))))))).))))))))))))................))))))))))))))))))).)))).)))))).))))))).))))),TGGCCAAGCGTGGTGGCTCACACTTGGAATCCCAGCACTTTGGGAGGCGGAGGTGGGTGGATCACCTAAGGCCAGGAGTTCGAGACCAGCTTGGCCAACATTGTGAAACCCTGTCTCTACTAAAAATAAC,CAAAAATTAGCCACATGTGGTGGCGAGTGCCTGTAGTCCCAGCTACTCAGGAGGCTGAAGCAGGAGAATCACTTGAACCCNNNNNNNNNNATTTTATTTTTTAGTTTTTTGAGATGGTCTCACTCTGCCACCCAGGCTGGTGGGCAGTGGCATGATTATAGCTCACTGCAGTCTCAAACTCCTGGGCTCAAGCTATCCTTCTGCCTCAACCTCCTGAGGAGCTGGGACAACAGGTGTGTGCCACCACATCTGGCTAATTTTTTTACTTTTATTTTTTCATTTTTGTAGAGATGGGGTCTTGCTATGTTGCCCGGGCTAGGCTC,0.0,chr7,43944227.0,130
(((((.((.(((((.((((((.(((.(..((((((....))))))..).)))))))))..)))))))..))))).......(((.(((((((((.((((((.((((.(((((((((((((.((((((.....((((((((((((.(((((((((((...((((((.(((((((((.(((((((((.(((.(((((((.((..(((((.(((......................((...((((((((....(((((..(((.....))).)))))((((((((.........)).)))))).))))))))...))))).)))))..)).))))))).))).))))))))).))))))))).))))))...))))))))))).))))))))))))................))))))))))))))))))).)))).)))))).))))))).))))),TGGCCAAGCGTGGTGGCTCACACTTGGAATCCCAGCACTTTGGGAGGCGGAGGTGGGTGGATCACCTAAGGCCAGGAGTTCGAGACCAGCTTGGCCAACATTGTGAAACCCTGTCTCTACTAAAAATAACAC,AAAATTAGCCACATGTGGTGGCGAGTGCCTGTAGTCCCAGCTACTCAGGAGGCTGAAGCAGGAGAATCACTTGAACCCNNNNNNNNNNATTTTATTTTTTAGTTTTTTGAGATGGTCTCACTCTGCCACCCAGGCTGGTGGGCAGTGGCATGATTATAGCTCACTGCAGTCTCAAACTCCTGGGCTCAAGCTATCCTTCTGCCTCAACCTCCTGAGGAGCTGGGACAACAGGTGTGTGCCACCACATCTGGCTAATTTTTTTACTTTTATTTTTTCATTTTTGTAGAGATGGGGTCTTGCTATGTTGCCCGGGCTAGGCTC,0.0,chr7,43944225.0,132
(((((.((.(((((.((((((.(((.(..((((((....))))))..).)))))))))..)))))))..))))).......(((.(((((((((.((((((.((((.(((((((((((((.((((((.....((((((((((((.(((((((((((...((((((.(((((((((.(((((((((.(((.(((((((.((..(((((.(((......................((...((((((((....(((((..(((.....))).)))))((((((((.........)).)))))).))))))))...))))).)))))..)).))))))).))).))))))))).))))))))).))))))...))))))))))).))))))))))))................))))))))))))))))))).)))).)))))).))))))).))))),TGGCCAAGCGTGGTGGCTCACACTTGGAATCCCAGCACTTTGGGAGGCGGAGGTGGGTGGATCACCTAAGGCCAGGAGTTCGAGACCAGCTTGGCCAACATTGTGAAACCCTGTCTCTACTAAAAATAACACA,AAATTAGCCACATGTGGTGGCGAGTGCCTGTAGTCCCAGCTACTCAGGAGGCTGAAGCAGGAGAATCACTTGAACCCNNNNNNNNNNATTTTATTTTTTAGTTTTTTGAGATGGTCTCACTCTGCCACCCAGGCTGGTGGGCAGTGGCATGATTATAGCTCACTGCAGTCTCAAACTCCTGGGCTCAAGCTATCCTTCTGCCTCAACCTCCTGAGGAGCTGGGACAACAGGTGTGTGCCACCACATCTGGCTAATTTTTTTACTTTTATTTTTTCATTTTTGTAGAGATGGGGTCTTGCTATGTTGCCCGGGCTAGGCTC,0.0,chr7,43944224.0,133
(((((.((.(((((.((((((.(((.(..((((((....))))))..).)))))))))..)))))))..))))).......(((.(((((((((.((((((.((((.(((((((((((((.((((((.....((((((((((((.(((((((((((...((((((.(((((((((.(((((((((.(((.(((((((.((..(((((.(((......................((...((((((((....(((((..(((.....))).)))))((((((((.........)).)))))).))))))))...))))).)))))..)).))))))).))).))))))))).))))))))).))))))...))))))))))).))))))))))))................))))))))))))))))))).)))).)))))).))))))).))))),TGGCCAAGCGTGGTGGCTCACACTTGGAATCCCAGCACTTTGGGAGGCGGAGGTGGGTGGATCACCTAAGGCCAGGAGTTCGAGACCAGCTTGGCCAACATTGTGAAACCCTGTCTCTACTAAAAATAACACAA,AATTAGCCACATGTGGTGGCGAGTGCCTGTAGTCCCAGCTACTCAGGAGGCTGAAGCAGGAGAATCACTTGAACCCNNNNNNNNNNATTTTATTTTTTAGTTTTTTGAGATGGTCTCACTCTGCCACCCAGGCTGGTGGGCAGTGGCATGATTATAGCTCACTGCAGTCTCAAACTCCTGGGCTCAAGCTATCCTTCTGCCTCAACCTCCTGAGGAGCTGGGACAACAGGTGTGTGCCACCACATCTGGCTAATTTTTTTACTTTTATTTTTTCATTTTTGTAGAGATGGGGTCTTGCTATGTTGCCCGGGCTAGGCTC,0.0,chr7,43944223.0,134
(((((.((.(((((.((((((.(((.(..((((((....))))))..).)))))))))..)))))))..))))).......(((.(((((((((.((((((.((((.(((((((((((((.((((((.....((((((((((((.(((((((((((...((((((.(((((((((.(((((((((.(((.(((((((.((..(((((.(((......................((...((((((((....(((((..(((.....))).)))))((((((((.........)).)))))).))))))))...))))).)))))..)).))))))).))).))))))))).))))))))).))))))...))))))))))).))))))))))))................))))))))))))))))))).)))).)))))).))))))).))))),TGGCCAAGCGTGGTGGCTCACACTTGGAATCCCAGCACTTTGGGAGGCGGAGGTGGGTGGATCACCTAAGGCCAGGAGTTCGAGACCAGCTTGGCCAACATTGTGAAACCCTGTCTCTACTAAAAATAACACAAA,ATTAGCCACATGTGGTGGCGAGTGCCTGTAGTCCCAGCTACTCAGGAGGCTGAAGCAGGAGAATCACTTGAACCCNNNNNNNNNNATTTTATTTTTTAGTTTTTTGAGATGGTCTCACTCTGCCACCCAGGCTGGTGGGCAGTGGCATGATTATAGCTCACTGCAGTCTCAAACTCCTGGGCTCAAGCTATCCTTCTGCCTCAACCTCCTGAGGAGCTGGGACAACAGGTGTGTGCCACCACATCTGGCTAATTTTTTTACTTTTATTTTTTCATTTTTGTAGAGATGGGGTCTTGCTATGTTGCCCGGGCTAGGCTC,0.0,chr7,43944222.0,135
(((((.((.(((((.((((((.(((.(..((((((....))))))..).)))))))))..)))))))..))))).......(((.(((((((((.((((((.((((.(((((((((((((.((((((.....((((((((((((.(((((((((((...((((((.(((((((((.(((((((((.(((.(((((((.((..(((((.(((......................((...((((((((....(((((..(((.....))).)))))((((((((.........)).)))))).))))))))...))))).)))))..)).))))))).))).))))))))).))))))))).))))))...))))))))))).))))))))))))................))))))))))))))))))).)))).)))))).))))))).))))),TGGCCAAGCGTGGTGGCTCACACTTGGAATCCCAGCACTTTGGGAGGCGGAGGTGGGTGGATCACCTAAGGCCAGGAGTTCGAGACCAGCTTGGCCAACATTGTGAAACCCTGTCTCTACTAAAAATAACACAAAA,TTAGCCACATGTGGTGGCGAGTGCCTGTAGTCCCAGCTACTCAGGAGGCTGAAGCAGGAGAATCACTTGAACCCNNNNNNNNNNATTTTATTTTTTAGTTTTTTGAGATGGTCTCACTCTGCCACCCAGGCTGGTGGGCAGTGGCATGATTATAGCTCACTGCAGTCTCAAACTCCTGGGCTCAAGCTATCCTTCTGCCTCAACCTCCTGAGGAGCTGGGACAACAGGTGTGTGCCACCACATCTGGCTAATTTTTTTACTTTTATTTTTTCATTTTTGTAGAGATGGGGTCTTGCTATGTTGCCCGGGCTAGGCTC,1.4,chr7,43944221.0,136
(((((.((.(((((.((((((.(((.(..((((((....))))))..).)))))))))..)))))))..))))).......(((.(((((((((.((((((.((((.(((((((((((((.((((((.....((((((((((((.(((((((((((...((((((.(((((((((.(((((((((.(((.(((((((.((..(((((.(((......................((...((((((((....(((((..(((.....))).)))))((((((((.........)).)))))).))))))))...))))).)))))..)).))))))).))).))))))))).))))))))).))))))...))))))))))).))))))))))))................))))))))))))))))))).)))).)))))).))))))).))))),TGGCCAAGCGTGGTGGCTCACACTTGGAATCCCAGCACTTTGGGAGGCGGAGGTGGGTGGATCACCTAAGGCCAGGAGTTCGAGACCAGCTTGGCCAACATTGTGAAACCCTGTCTCTACTAAAAATAACACAAAAATT,GCCACATGTGGTGGCGAGTGCCTGTAGTCCCAGCTACTCAGGAGGCTGAAGCAGGAGAATCACTTGAACCCNNNNNNNNNNATTTTATTTTTTAGTTTTTTGAGATGGTCTCACTCTGCCACCCAGGCTGGTGGGCAGTGGCATGATTATAGCTCACTGCAGTCTCAAACTCCTGGGCTCAAGCTATCCTTCTGCCTCAACCTCCTGAGGAGCTGGGACAACAGGTGTGTGCCACCACATCTGGCTAATTTTTTTACTTTTATTTTTTCATTTTTGTAGAGATGGGGTCTTGCTATGTTGCCCGGGCTAGGCTC,0.5,chr7,43944218.0,139
(((((.((.(((((.((((((.(((.(..((((((....))))))..).)))))))))..)))))))..))))).......(((.(((((((((.((((((.((((.(((((((((((((.((((((.....((((((((((((.(((((((((((...((((((.(((((((((.(((((((((.(((.(((((((.((..(((((.(((......................((...((((((((....(((((..(((.....))).)))))((((((((.........)).)))))).))))))))...))))).)))))..)).))))))).))).))))))))).))))))))).))))))...))))))))))).))))))))))))................))))))))))))))))))).)))).)))))).))))))).))))),TGGCCAAGCGTGGTGGCTCACACTTGGAATCCCAGCACTTTGGGAGGCGGAGGTGGGTGGATCACCTAAGGCCAGGAGTTCGAGACCAGCTTGGCCAACATTGTGAAACCCTGTCTCTACTAAAAATAACACAAAAATTAGCC,CATGTGGTGGCGAGTGCCTGTAGTCCCAGCTACTCAGGAGGCTGAAGCAGGAGAATCACTTGAACCCNNNNNNNNNNATTTTATTTTTTAGTTTTTTGAGATGGTCTCACTCTGCCACCCAGGCTGGTGGGCAGTGGCATGATTATAGCTCACTGCAGTCTCAAACTCCTGGGCTCAAGCTATCCTTCTGCCTCAACCTCCTGAGGAGCTGGGACAACAGGTGTGTGCCACCACATCTGGCTAATTTTTTTACTTTTATTTTTTCATTTTTGTAGAGATGGGGTCTTGCTATGTTGCCCGGGCTAGGCTC,0.0,chr7,43944214.0,143
(((((.((.(((((.((((((.(((.(..((((((....))))))..).)))))))))..)))))))..))))).......(((.(((((((((.((((((.((((.(((((((((((((.((((((.....((((((((((((.(((((((((((...((((((.(((((((((.(((((((((.(((.(((((((.((..(((((.(((......................((...((((((((....(((((..(((.....))).)))))((((((((.........)).)))))).))))))))...))))).)))))..)).))))))).))).))))))))).))))))))).))))))...))))))))))).))))))))))))................))))))))))))))))))).)))).)))))).))))))).))))),TGGCCAAGCGTGGTGGCTCACACTTGGAATCCCAGCACTTTGGGAGGCGGAGGTGGGTGGATCACCTAAGGCCAGGAGTTCGAGACCAGCTTGGCCAACATTGTGAAACCCTGTCTCTACTAAAAATAACACAAAAATTAGCCAC,TGTGGTGGCGAGTGCCTGTAGTCCCAGCTACTCAGGAGGCTGAAGCAGGAGAATCACTTGAACCCNNNNNNNNNNATTTTATTTTTTAGTTTTTTGAGATGGTCTCACTCTGCCACCCAGGCTGGTGGGCAGTGGCATGATTATAGCTCACTGCAGTCTCAAACTCCTGGGCTCAAGCTATCCTTCTGCCTCAACCTCCTGAGGAGCTGGGACAACAGGTGTGTGCCACCACATCTGGCTAATTTTTTTACTTTTATTTTTTCATTTTTGTAGAGATGGGGTCTTGCTATGTTGCCCGGGCTAGGCTC,,,,145
(((((.((.(((((.((((((.(((.(..((((((....))))))..).)))))))))..)))))))..))))).......(((.(((((((((.((((((.((((.(((((((((((((.((((((.....((((((((((((.(((((((((((...((((((.(((((((((.(((((((((.(((.(((((((.((..(((((.(((......................((...((((((((....(((((..(((.....))).)))))((((((((.........)).)))))).))))))))...))))).)))))..)).))))))).))).))))))))).))))))))).))))))...))))))))))).))))))))))))................))))))))))))))))))).)))).)))))).))))))).))))),TGGCCAAGCGTGGTGGCTCACACTTGGAATCCCAGCACTTTGGGAGGCGGAGGTGGGTGGATCACCTAAGGCCAGGAGTTCGAGACCAGCTTGGCCAACATTGTGAAACCCTGTCTCTACTAAAAATAACACAAAAATTAGCCACATGTGGTGGCG,GTGCCTGTAGTCCCAGCTACTCAGGAGGCTGAAGCAGGAGAATCACTTGAACCCNNNNNNNNNNATTTTATTTTTTAGTTTTTTGAGATGGTCTCACTCTGCCACCCAGGCTGGTGGGCAGTGGCATGATTATAGCTCACTGCAGTCTCAAACTCCTGGGCTCAAGCTATCCTTCTGCCTCAACCTCCTGAGGAGCTGGGACAACAGGTGTGTGCCACCACATCTGGCTAATTTTTTTACTTTTATTTTTTCATTTTTGTAGAGATGGGGTCTTGCTATGTTGCCCGGGCTAGGCTC,0.0,chr7,43944201.0,156
(((((.((.(((((.((((((.(((.(..((((((....))))))..).)))))))))..)))))))..))))).......(((.(((((((((.((((((.((((.(((((((((((((.((((((.....((((((((((((.(((((((((((...((((((.(((((((((.(((((((((.(((.(((((((.((..(((((.(((......................((...((((((((....(((((..(((.....))).)))))((((((((.........)).)))))).))))))))...))))).)))))..)).))))))).))).))))))))).))))))))).))))))...))))))))))).))))))))))))................))))))))))))))))))).)))).)))))).))))))).))))),TGGCCAAGCGTGGTGGCTCACACTTGGAATCCCAGCACTTTGGGAGGCGGAGGTGGGTGGATCACCTAAGGCCAGGAGTTCGAGACCAGCTTGGCCAACATTGTGAAACCCTGTCTCTACTAAAAATAACACAAAAATTAGCCACATGTGGTGGCGAGTGCCTGT,GTCCCAGCTACTCAGGAGGCTGAAGCAGGAGAATCACTTGAACCCNNNNNNNNNNATTTTATTTTTTAGTTTTTTGAGATGGTCTCACTCTGCCACCCAGGCTGGTGGGCAGTGGCATGATTATAGCTCACTGCAGTCTCAAACTCCTGGGCTCAAGCTATCCTTCTGCCTCAACCTCCTGAGGAGCTGGGACAACAGGTGTGTGCCACCACATCTGGCTAATTTTTTTACTTTTATTTTTTCATTTTTGTAGAGATGGGGTCTTGCTATGTTGCCCGGGCTAGGCTC,10.7,chr7,43944192.0,165
(((((.((.(((((.((((((.(((.(..((((((....))))))..).)))))))))..)))))))..))))).......(((.(((((((((.((((((.((((.(((((((((((((.((((((.....((((((((((((.(((((((((((...((((((.(((((((((.(((((((((.(((.(((((((.((..(((((.(((......................((...((((((((....(((((..(((.....))).)))))((((((((.........)).)))))).))))))))...))))).)))))..)).))))))).))).))))))))).))))))))).))))))...))))))))))).))))))))))))................))))))))))))))))))).)))).)))))).))))))).))))),TGGCCAAGCGTGGTGGCTCACACTTGGAATCCCAGCACTTTGGGAGGCGGAGGTGGGTGGATCACCTAAGGCCAGGAGTTCGAGACCAGCTTGGCCAACATTGTGAAACCCTGTCTCTACTAAAAATAACACAAAAATTAGCCACATGTGGTGGCGAGTGCCTGTAGTCCC,GCTACTCAGGAGGCTGAAGCAGGAGAATCACTTGAACCCNNNNNNNNNNATTTTATTTTTTAGTTTTTTGAGATGGTCTCACTCTGCCACCCAGGCTGGTGGGCAGTGGCATGATTATAGCTCACTGCAGTCTCAAACTCCTGGGCTCAAGCTATCCTTCTGCCTCAACCTCCTGAGGAGCTGGGACAACAGGTGTGTGCCACCACATCTGGCTAATTTTTTTACTTTTATTTTTTCATTTTTGTAGAGATGGGGTCTTGCTATGTTGCCCGGGCTAGGCTC,0.0,chr7,43944186.0,171
(((((.((.(((((.((((((.(((.(..((((((....))))))..).)))))))))..)))))))..))))).......(((.(((((((((.((((((.((((.(((((((((((((.((((((.....((((((((((((.(((((((((((...((((((.(((((((((.(((((((((.(((.(((((((.((..(((((.(((......................((...((((((((....(((((..(((.....))).)))))((((((((.........)).)))))).))))))))...))))).)))))..)).))))))).))).))))))))).))))))))).))))))...))))))))))).))))))))))))................))))))))))))))))))).)))).)))))).))))))).))))),TGGCCAAGCGTGGTGGCTCACACTTGGAATCCCAGCACTTTGGGAGGCGGAGGTGGGTGGATCACCTAAGGCCAGGAGTTCGAGACCAGCTTGGCCAACATTGTGAAACCCTGTCTCTACTAAAAATAACACAAAAATTAGCCACATGTGGTGGCGAGTGCCTGTAGTCCCAGCT,CTCAGGAGGCTGAAGCAGGAGAATCACTTGAACCCNNNNNNNNNNATTTTATTTTTTAGTTTTTTGAGATGGTCTCACTCTGCCACCCAGGCTGGTGGGCAGTGGCATGATTATAGCTCACTGCAGTCTCAAACTCCTGGGCTCAAGCTATCCTTCTGCCTCAACCTCCTGAGGAGCTGGGACAACAGGTGTGTGCCACCACATCTGGCTAATTTTTTTACTTTTATTTTTTCATTTTTGTAGAGATGGGGTCTTGCTATGTTGCCCGGGCTAGGCTC,0.5,chr7,43944182.0,175
(((((.((.(((((.((((((.(((.(..((((((....))))))..).)))))))))..)))))))..))))).......(((.(((((((((.((((((.((((.(((((((((((((.((((((.....((((((((((((.(((((((((((...((((((.(((((((((.(((((((((.(((.(((((((.((..(((((.(((......................((...((((((((....(((((..(((.....))).)))))((((((((.........)).)))))).))))))))...))))).)))))..)).))))))).))).))))))))).))))))))).))))))...))))))))))).))))))))))))................))))))))))))))))))).)))).)))))).))))))).))))),TGGCCAAGCGTGGTGGCTCACACTTGGAATCCCAGCACTTTGGGAGGCGGAGGTGGGTGGATCACCTAAGGCCAGGAGTTCGAGACCAGCTTGGCCAACATTGTGAAACCCTGTCTCTACTAAAAATAACACAAAAATTAGCCACATGTGGTGGCGAGTGCCTGTAGTCCCAGCTACTC,GGAGGCTGAAGCAGGAGAATCACTTGAACCCNNNNNNNNNNATTTTATTTTTTAGTTTTTTGAGATGGTCTCACTCTGCCACCCAGGCTGGTGGGCAGTGGCATGATTATAGCTCACTGCAGTCTCAAACTCCTGGGCTCAAGCTATCCTTCTGCCTCAACCTCCTGAGGAGCTGGGACAACAGGTGTGTGCCACCACATCTGGCTAATTTTTTTACTTTTATTTTTTCATTTTTGTAGAGATGGGGTCTTGCTATGTTGCCCGGGCTAGGCTC,1.0,chr7,43944178.0,179
(((((.((.(((((.((((((.(((.(..((((((....))))))..).)))))))))..)))))))..))))).......(((.(((((((((.((((((.((((.(((((((((((((.((((((.....((((((((((((.(((((((((((...((((((.(((((((((.(((((((((.(((.(((((((.((..(((((.(((......................((...((((((((....(((((..(((.....))).)))))((((((((.........)).)))))).))))))))...))))).)))))..)).))))))).))).))))))))).))))))))).))))))...))))))))))).))))))))))))................))))))))))))))))))).)))).)))))).))))))).))))),TGGCCAAGCGTGGTGGCTCACACTTGGAATCCCAGCACTTTGGGAGGCGGAGGTGGGTGGATCACCTAAGGCCAGGAGTTCGAGACCAGCTTGGCCAACATTGTGAAACCCTGTCTCTACTAAAAATAACACAAAAATTAGCCACATGTGGTGGCGAGTGCCTGTAGTCCCAGCTACTCAGG,GGCTGAAGCAGGAGAATCACTTGAACCCNNNNNNNNNNATTTTATTTTTTAGTTTTTTGAGATGGTCTCACTCTGCCACCCAGGCTGGTGGGCAGTGGCATGATTATAGCTCACTGCAGTCTCAAACTCCTGGGCTCAAGCTATCCTTCTGCCTCAACCTCCTGAGGAGCTGGGACAACAGGTGTGTGCCACCACATCTGGCTAATTTTTTTACTTTTATTTTTTCATTTTTGTAGAGATGGGGTCTTGCTATGTTGCCCGGGCTAGGCTC,0.0,chr7,43944175.0,182
(((((.((.(((((.((((((.(((.(..((((((....))))))..).)))))))))..)))))))..))))).......(((.(((((((((.((((((.((((.(((((((((((((.((((((.....((((((((((((.(((((((((((...((((((.(((((((((.(((((((((.(((.(((((((.((..(((((.(((......................((...((((((((....(((((..(((.....))).)))))((((((((.........)).)))))).))))))))...))))).)))))..)).))))))).))).))))))))).))))))))).))))))...))))))))))).))))))))))))................))))))))))))))))))).)))).)))))).))))))).))))),TGGCCAAGCGTGGTGGCTCACACTTGGAATCCCAGCACTTTGGGAGGCGGAGGTGGGTGGATCACCTAAGGCCAGGAGTTCGAGACCAGCTTGGCCAACATTGTGAAACCCTGTCTCTACTAAAAATAACACAAAAATTAGCCACATGTGGTGGCGAGTGCCTGTAGTCCCAGCTACTCAGGAGGCTG,AGCAGGAGAATCACTTGAACCCNNNNNNNNNNATTTTATTTTTTAGTTTTTTGAGATGGTCTCACTCTGCCACCCAGGCTGGTGGGCAGTGGCATGATTATAGCTCACTGCAGTCTCAAACTCCTGGGCTCAAGCTATCCTTCTGCCTCAACCTCCTGAGGAGCTGGGACAACAGGTGTGTGCCACCACATCTGGCTAATTTTTTTACTTTTATTTTTTCATTTTTGTAGAGATGGGGTCTTGCTATGTTGCCCGGGCTAGGCTC,0.0,chr7,43944169.0,188
(((((.((.(((((.((((((.(((.(..((((((....))))))..).)))))))))..)))))))..))))).......(((.(((((((((.((((((.((((.(((((((((((((.((((((.....((((((((((((.(((((((((((...((((((.(((((((((.(((((((((.(((.(((((((.((..(((((.(((......................((...((((((((....(((((..(((.....))).)))))((((((((.........)).)))))).))))))))...))))).)))))..)).))))))).))).))))))))).))))))))).))))))...))))))))))).))))))))))))................))))))))))))))))))).)))).)))))).))))))).))))),TGGCCAAGCGTGGTGGCTCACACTTGGAATCCCAGCACTTTGGGAGGCGGAGGTGGGTGGATCACCTAAGGCCAGGAGTTCGAGACCAGCTTGGCCAACATTGTGAAACCCTGTCTCTACTAAAAATAACACAAAAATTAGCCACATGTGGTGGCGAGTGCCTGTAGTCCCAGCTACTCAGGAGGCTGA,GCAGGAGAATCACTTGAACCCNNNNNNNNNNATTTTATTTTTTAGTTTTTTGAGATGGTCTCACTCTGCCACCCAGGCTGGTGGGCAGTGGCATGATTATAGCTCACTGCAGTCTCAAACTCCTGGGCTCAAGCTATCCTTCTGCCTCAACCTCCTGAGGAGCTGGGACAACAGGTGTGTGCCACCACATCTGGCTAATTTTTTTACTTTTATTTTTTCATTTTTGTAGAGATGGGGTCTTGCTATGTTGCCCGGGCTAGGCTC,4.1,chr7,43944168.0,189
(((((.((.(((((.((((((.(((.(..((((((....))))))..).)))))))))..)))))))..))))).......(((.(((((((((.((((((.((((.(((((((((((((.((((((.....((((((((((((.(((((((((((...((((((.(((((((((.(((((((((.(((.(((((((.((..(((((.(((......................((...((((((((....(((((..(((.....))).)))))((((((((.........)).)))))).))))))))...))))).)))))..)).))))))).))).))))))))).))))))))).))))))...))))))))))).))))))))))))................))))))))))))))))))).)))).)))))).))))))).))))),TGGCCAAGCGTGGTGGCTCACACTTGGAATCCCAGCACTTTGGGAGGCGGAGGTGGGTGGATCACCTAAGGCCAGGAGTTCGAGACCAGCTTGGCCAACATTGTGAAACCCTGTCTCTACTAAAAATAACACAAAAATTAGCCACATGTGGTGGCGAGTGCCTGTAGTCCCAGCTACTCAGGAGGCTGAAGC,GGAGAATCACTTGAACCCNNNNNNNNNNATTTTATTTTTTAGTTTTTTGAGATGGTCTCACTCTGCCACCCAGGCTGGTGGGCAGTGGCATGATTATAGCTCACTGCAGTCTCAAACTCCTGGGCTCAAGCTATCCTTCTGCCTCAACCTCCTGAGGAGCTGGGACAACAGGTGTGTGCCACCACATCTGGCTAATTTTTTTACTTTTATTTTTTCATTTTTGTAGAGATGGGGTCTTGCTATGTTGCCCGGGCTAGGCTC,0.0,chr7,43944165.0,192
(((((.((.(((((.((((((.(((.(..((((((....))))))..).)))))))))..)))))))..))))).......(((.(((((((((.((((((.((((.(((((((((((((.((((((.....((((((((((((.(((((((((((...((((((.(((((((((.(((((((((.(((.(((((((.((..(((((.(((......................((...((((((((....(((((..(((.....))).)))))((((((((.........)).)))))).))))))))...))))).)))))..)).))))))).))).))))))))).))))))))).))))))...))))))))))).))))))))))))................))))))))))))))))))).)))).)))))).))))))).))))),TGGCCAAGCGTGGTGGCTCACACTTGGAATCCCAGCACTTTGGGAGGCGGAGGTGGGTGGATCACCTAAGGCCAGGAGTTCGAGACCAGCTTGGCCAACATTGTGAAACCCTGTCTCTACTAAAAATAACACAAAAATTAGCCACATGTGGTGGCGAGTGCCTGTAGTCCCAGCTACTCAGGAGGCTGAAGCAGG,GAATCACTTGAACCCNNNNNNNNNNATTTTATTTTTTAGTTTTTTGAGATGGTCTCACTCTGCCACCCAGGCTGGTGGGCAGTGGCATGATTATAGCTCACTGCAGTCTCAAACTCCTGGGCTCAAGCTATCCTTCTGCCTCAACCTCCTGAGGAGCTGGGACAACAGGTGTGTGCCACCACATCTGGCTAATTTTTTTACTTTTATTTTTTCATTTTTGTAGAGATGGGGTCTTGCTATGTTGCCCGGGCTAGGCTC,0.0,chr7,43944162.0,195
(((((.((.(((((.((((((.(((.(..((((((....))))))..).)))))))))..)))))))..))))).......(((.(((((((((.((((((.((((.(((((((((((((.((((((.....((((((((((((.(((((((((((...((((((.(((((((((.(((((((((.(((.(((((((.((..(((((.(((......................((...((((((((....(((((..(((.....))).)))))((((((((.........)).)))))).))))))))...))))).)))))..)).))))))).))).))))))))).))))))))).))))))...))))))))))).))))))))))))................))))))))))))))))))).)))).)))))).))))))).))))),TGGCCAAGCGTGGTGGCTCACACTTGGAATCCCAGCACTTTGGGAGGCGGAGGTGGGTGGATCACCTAAGGCCAGGAGTTCGAGACCAGCTTGGCCAACATTGTGAAACCCTGTCTCTACTAAAAATAACACAAAAATTAGCCACATGTGGTGGCGAGTGCCTGTAGTCCCAGCTACTCAGGAGGCTGAAGCAGGAG,ATCACTTGAACCCNNNNNNNNNNATTTTATTTTTTAGTTTTTTGAGATGGTCTCACTCTGCCACCCAGGCTGGTGGGCAGTGGCATGATTATAGCTCACTGCAGTCTCAAACTCCTGGGCTCAAGCTATCCTTCTGCCTCAACCTCCTGAGGAGCTGGGACAACAGGTGTGTGCCACCACATCTGGCTAATTTTTTTACTTTTATTTTTTCATTTTTGTAGAGATGGGGTCTTGCTATGTTGCCCGGGCTAGGCTC,0.0,chr7,43944160.0,197
(((((.((.(((((.((((((.(((.(..((((((....))))))..).)))))))))..)))))))..))))).......(((.(((((((((.((((((.((((.(((((((((((((.((((((.....((((((((((((.(((((((((((...((((((.(((((((((.(((((((((.(((.(((((((.((..(((((.(((......................((...((((((((....(((((..(((.....))).)))))((((((((.........)).)))))).))))))))...))))).)))))..)).))))))).))).))))))))).))))))))).))))))...))))))))))).))))))))))))................))))))))))))))))))).)))).)))))).))))))).))))),TGGCCAAGCGTGGTGGCTCACACTTGGAATCCCAGCACTTTGGGAGGCGGAGGTGGGTGGATCACCTAAGGCCAGGAGTTCGAGACCAGCTTGGCCAACATTGTGAAACCCTGTCTCTACTAAAAATAACACAAAAATTAGCCACATGTGGTGGCGAGTGCCTGTAGTCCCAGCTACTCAGGAGGCTGAAGCAGGAGA,TCACTTGAACCCNNNNNNNNNNATTTTATTTTTTAGTTTTTTGAGATGGTCTCACTCTGCCACCCAGGCTGGTGGGCAGTGGCATGATTATAGCTCACTGCAGTCTCAAACTCCTGGGCTCAAGCTATCCTTCTGCCTCAACCTCCTGAGGAGCTGGGACAACAGGTGTGTGCCACCACATCTGGCTAATTTTTTTACTTTTATTTTTTCATTTTTGTAGAGATGGGGTCTTGCTATGTTGCCCGGGCTAGGCTC,0.0,chr7,43944159.0,198
(((((.((.(((((.((((((.(((.(..((((((....))))))..).)))))))))..)))))))..))))).......(((.(((((((((.((((((.((((.(((((((((((((.((((((.....((((((((((((.(((((((((((...((((((.(((((((((.(((((((((.(((.(((((((.((..(((((.(((......................((...((((((((....(((((..(((.....))).)))))((((((((.........)).)))))).))))))))...))))).)))))..)).))))))).))).))))))))).))))))))).))))))...))))))))))).))))))))))))................))))))))))))))))))).)))).)))))).))))))).))))),TGGCCAAGCGTGGTGGCTCACACTTGGAATCCCAGCACTTTGGGAGGCGGAGGTGGGTGGATCACCTAAGGCCAGGAGTTCGAGACCAGCTTGGCCAACATTGTGAAACCCTGTCTCTACTAAAAATAACACAAAAATTAGCCACATGTGGTGGCGAGTGCCTGTAGTCCCAGCTACTCAGGAGGCTGAAGCAGGAGAATC,CTTGAACCCNNNNNNNNNNATTTTATTTTTTAGTTTTTTGAGATGGTCTCACTCTGCCACCCAGGCTGGTGGGCAGTGGCATGATTATAGCTCACTGCAGTCTCAAACTCCTGGGCTCAAGCTATCCTTCTGCCTCAACCTCCTGAGGAGCTGGGACAACAGGTGTGTGCCACCACATCTGGCTAATTTTTTTACTTTTATTTTTTCATTTTTGTAGAGATGGGGTCTTGCTATGTTGCCCGGGCTAGGCTC,0.0,chr7,43944156.0,201
(((((.((.(((((.((((((.(((.(..((((((....))))))..).)))))))))..)))))))..))))).......(((.(((((((((.((((((.((((.(((((((((((((.((((((.....((((((((((((.(((((((((((...((((((.(((((((((.(((((((((.(((.(((((((.((..(((((.(((......................((...((((((((....(((((..(((.....))).)))))((((((((.........)).)))))).))))))))...))))).)))))..)).))))))).))).))))))))).))))))))).))))))...))))))))))).))))))))))))................))))))))))))))))))).)))).)))))).))))))).))))),TGGCCAAGCGTGGTGGCTCACACTTGGAATCCCAGCACTTTGGGAGGCGGAGGTGGGTGGATCACCTAAGGCCAGGAGTTCGAGACCAGCTTGGCCAACATTGTGAAACCCTGTCTCTACTAAAAATAACACAAAAATTAGCCACATGTGGTGGCGAGTGCCTGTAGTCCCAGCTACTCAGGAGGCTGAAGCAGGAGAATCACTTG,ACCCNNNNNNNNNNATTTTATTTTTTAGTTTTTTGAGATGGTCTCACTCTGCCACCCAGGCTGGTGGGCAGTGGCATGATTATAGCTCACTGCAGTCTCAAACTCCTGGGCTCAAGCTATCCTTCTGCCTCAACCTCCTGAGGAGCTGGGACAACAGGTGTGTGCCACCACATCTGGCTAATTTTTTTACTTTTATTTTTTCATTTTTGTAGAGATGGGGTCTTGCTATGTTGCCCGGGCTAGGCTC,0.0,chr7,43944151.0,206
(((((.((.(((((.((((((.(((.(..((((((....))))))..).)))))))))..)))))))..))))).......(((.(((((((((.((((((.((((.(((((((((((((.((((((.....((((((((((((.(((((((((((...((((((.(((((((((.(((((((((.(((.(((((((.((..(((((.(((......................((...((((((((....(((((..(((.....))).)))))((((((((.........)).)))))).))))))))...))))).)))))..)).))))))).))).))))))))).))))))))).))))))...))))))))))).))))))))))))................))))))))))))))))))).)))).)))))).))))))).))))),TGGCCAAGCGTGGTGGCTCACACTTGGAATCCCAGCACTTTGGGAGGCGGAGGTGGGTGGATCACCTAAGGCCAGGAGTTCGAGACCAGCTTGGCCAACATTGTGAAACCCTGTCTCTACTAAAAATAACACAAAAATTAGCCACATGTGGTGGCGAGTGCCTGTAGTCCCAGCTACTCAGGAGGCTGAAGCAGGAGAATCACTTGA,CCCNNNNNNNNNNATTTTATTTTTTAGTTTTTTGAGATGGTCTCACTCTGCCACCCAGGCTGGTGGGCAGTGGCATGATTATAGCTCACTGCAGTCTCAAACTCCTGGGCTCAAGCTATCCTTCTGCCTCAACCTCCTGAGGAGCTGGGACAACAGGTGTGTGCCACCACATCTGGCTAATTTTTTTACTTTTATTTTTTCATTTTTGTAGAGATGGGGTCTTGCTATGTTGCCCGGGCTAGGCTC,0.0,chr7,43944150.0,207
(((((.((.(((((.((((((.(((.(..((((((....))))))..).)))))))))..)))))))..))))).......(((.(((((((((.((((((.((((.(((((((((((((.((((((.....((((((((((((.(((((((((((...((((((.(((((((((.(((((((((.(((.(((((((.((..(((((.(((......................((...((((((((....(((((..(((.....))).)))))((((((((.........)).)))))).))))))))...))))).)))))..)).))))))).))).))))))))).))))))))).))))))...))))))))))).))))))))))))................))))))))))))))))))).)))).)))))).))))))).))))),TGGCCAAGCGTGGTGGCTCACACTTGGAATCCCAGCACTTTGGGAGGCGGAGGTGGGTGGATCACCTAAGGCCAGGAGTTCGAGACCAGCTTGGCCAACATTGTGAAACCCTGTCTCTACTAAAAATAACACAAAAATTAGCCACATGTGGTGGCGAGTGCCTGTAGTCCCAGCTACTCAGGAGGCTGAAGCAGGAGAATCACTTGAACCCNNNNNNNNNN,TTTTATTTTTTAGTTTTTTGAGATGGTCTCACTCTGCCACCCAGGCTGGTGGGCAGTGGCATGATTATAGCTCACTGCAGTCTCAAACTCCTGGGCTCAAGCTATCCTTCTGCCTCAACCTCCTGAGGAGCTGGGACAACAGGTGTGTGCCACCACATCTGGCTAATTTTTTTACTTTTATTTTTTCATTTTTGTAGAGATGGGGTCTTGCTATGTTGCCCGGGCTAGGCTC,,,,221
(((((.((.(((((.((((((.(((.(..((((((....))))))..).)))))))))..)))))))..))))).......(((.(((((((((.((((((.((((.(((((((((((((.((((((.....((((((((((((.(((((((((((...((((((.(((((((((.(((((((((.(((.(((((((.((..(((((.(((......................((...((((((((....(((((..(((.....))).)))))((((((((.........)).)))))).))))))))...))))).)))))..)).))))))).))).))))))))).))))))))).))))))...))))))))))).))))))))))))................))))))))))))))))))).)))).)))))).))))))).))))),TGGCCAAGCGTGGTGGCTCACACTTGGAATCCCAGCACTTTGGGAGGCGGAGGTGGGTGGATCACCTAAGGCCAGGAGTTCGAGACCAGCTTGGCCAACATTGTGAAACCCTGTCTCTACTAAAAATAACACAAAAATTAGCCACATGTGGTGGCGAGTGCCTGTAGTCCCAGCTACTCAGGAGGCTGAAGCAGGAGAATCACTTGAACCCNNNNNNNNNNATTTT,TTTTTTAGTTTTTTGAGATGGTCTCACTCTGCCACCCAGGCTGGTGGGCAGTGGCATGATTATAGCTCACTGCAGTCTCAAACTCCTGGGCTCAAGCTATCCTTCTGCCTCAACCTCCTGAGGAGCTGGGACAACAGGTGTGTGCCACCACATCTGGCTAATTTTTTTACTTTTATTTTTTCATTTTTGTAGAGATGGGGTCTTGCTATGTTGCCCGGGCTAGGCTC,0.0,chr7,43942327.0,226
(((((.((.(((((.((((((.(((.(..((((((....))))))..).)))))))))..)))))))..))))).......(((.(((((((((.((((((.((((.(((((((((((((.((((((.....((((((((((((.(((((((((((...((((((.(((((((((.(((((((((.(((.(((((((.((..(((((.(((......................((...((((((((....(((((..(((.....))).)))))((((((((.........)).)))))).))))))))...))))).)))))..)).))))))).))).))))))))).))))))))).))))))...))))))))))).))))))))))))................))))))))))))))))))).)))).)))))).))))))).))))),TGGCCAAGCGTGGTGGCTCACACTTGGAATCCCAGCACTTTGGGAGGCGGAGGTGGGTGGATCACCTAAGGCCAGGAGTTCGAGACCAGCTTGGCCAACATTGTGAAACCCTGTCTCTACTAAAAATAACACAAAAATTAGCCACATGTGGTGGCGAGTGCCTGTAGTCCCAGCTACTCAGGAGGCTGAAGCAGGAGAATCACTTGAACCCNNNNNNNNNNATTTTATTTTTT,GTTTTTTGAGATGGTCTCACTCTGCCACCCAGGCTGGTGGGCAGTGGCATGATTATAGCTCACTGCAGTCTCAAACTCCTGGGCTCAAGCTATCCTTCTGCCTCAACCTCCTGAGGAGCTGGGACAACAGGTGTGTGCCACCACATCTGGCTAATTTTTTTACTTTTATTTTTTCATTTTTGTAGAGATGGGGTCTTGCTATGTTGCCCGGGCTAGGCTC,0.0,chr7,43942320.0,233
(((((.((.(((((.((((((.(((.(..((((((....))))))..).)))))))))..)))))))..))))).......(((.(((((((((.((((((.((((.(((((((((((((.((((((.....((((((((((((.(((((((((((...((((((.(((((((((.(((((((((.(((.(((((((.((..(((((.(((......................((...((((((((....(((((..(((.....))).)))))((((((((.........)).)))))).))))))))...))))).)))))..)).))))))).))).))))))))).))))))))).))))))...))))))))))).))))))))))))................))))))))))))))))))).)))).)))))).))))))).))))),TGGCCAAGCGTGGTGGCTCACACTTGGAATCCCAGCACTTTGGGAGGCGGAGGTGGGTGGATCACCTAAGGCCAGGAGTTCGAGACCAGCTTGGCCAACATTGTGAAACCCTGTCTCTACTAAAAATAACACAAAAATTAGCCACATGTGGTGGCGAGTGCCTGTAGTCCCAGCTACTCAGGAGGCTGAAGCAGGAGAATCACTTGAACCCNNNNNNNNNNATTTTATTTTTTAGTTTTTTG,GATGGTCTCACTCTGCCACCCAGGCTGGTGGGCAGTGGCATGATTATAGCTCACTGCAGTCTCAAACTCCTGGGCTCAAGCTATCCTTCTGCCTCAACCTCCTGAGGAGCTGGGACAACAGGTGTGTGCCACCACATCTGGCTAATTTTTTTACTTTTATTTTTTCATTTTTGTAGAGATGGGGTCTTGCTATGTTGCCCGGGCTAGGCTC,0.6,chr7,43942311.0,242
(((((.((.(((((.((((((.(((.(..((((((....))))))..).)))))))))..)))))))..))))).......(((.(((((((((.((((((.((((.(((((((((((((.((((((.....((((((((((((.(((((((((((...((((((.(((((((((.(((((((((.(((.(((((((.((..(((((.(((......................((...((((((((....(((((..(((.....))).)))))((((((((.........)).)))))).))))))))...))))).)))))..)).))))))).))).))))))))).))))))))).))))))...))))))))))).))))))))))))................))))))))))))))))))).)))).)))))).))))))).))))),TGGCCAAGCGTGGTGGCTCACACTTGGAATCCCAGCACTTTGGGAGGCGGAGGTGGGTGGATCACCTAAGGCCAGGAGTTCGAGACCAGCTTGGCCAACATTGTGAAACCCTGTCTCTACTAAAAATAACACAAAAATTAGCCACATGTGGTGGCGAGTGCCTGTAGTCCCAGCTACTCAGGAGGCTGAAGCAGGAGAATCACTTGAACCCNNNNNNNNNNATTTTATTTTTTAGTTTTTTGAG,TGGTCTCACTCTGCCACCCAGGCTGGTGGGCAGTGGCATGATTATAGCTCACTGCAGTCTCAAACTCCTGGGCTCAAGCTATCCTTCTGCCTCAACCTCCTGAGGAGCTGGGACAACAGGTGTGTGCCACCACATCTGGCTAATTTTTTTACTTTTATTTTTTCATTTTTGTAGAGATGGGGTCTTGCTATGTTGCCCGGGCTAGGCTC,0.0,chr7,43942309.0,244
(((((.((.(((((.((((((.(((.(..((((((....))))))..).)))))))))..)))))))..))))).......(((.(((((((((.((((((.((((.(((((((((((((.((((((.....((((((((((((.(((((((((((...((((((.(((((((((.(((((((((.(((.(((((((.((..(((((.(((......................((...((((((((....(((((..(((.....))).)))))((((((((.........)).)))))).))))))))...))))).)))))..)).))))))).))).))))))))).))))))))).))))))...))))))))))).))))))))))))................))))))))))))))))))).)))).)))))).))))))).))))),TGGCCAAGCGTGGTGGCTCACACTTGGAATCCCAGCACTTTGGGAGGCGGAGGTGGGTGGATCACCTAAGGCCAGGAGTTCGAGACCAGCTTGGCCAACATTGTGAAACCCTGTCTCTACTAAAAATAACACAAAAATTAGCCACATGTGGTGGCGAGTGCCTGTAGTCCCAGCTACTCAGGAGGCTGAAGCAGGAGAATCACTTGAACCCNNNNNNNNNNATTTTATTTTTTAGTTTTTTGAGATGGTCTC,CTCTGCCACCCAGGCTGGTGGGCAGTGGCATGATTATAGCTCACTGCAGTCTCAAACTCCTGGGCTCAAGCTATCCTTCTGCCTCAACCTCCTGAGGAGCTGGGACAACAGGTGTGTGCCACCACATCTGGCTAATTTTTTTACTTTTATTTTTTCATTTTTGTAGAGATGGGGTCTTGCTATGTTGCCCGGGCTAGGCTC,2.3,chr7,43942301.0,252
(((((.((.(((((.((((((.(((.(..((((((....))))))..).)))))))))..)))))))..))))).......(((.(((((((((.((((((.((((.(((((((((((((.((((((.....((((((((((((.(((((((((((...((((((.(((((((((.(((((((((.(((.(((((((.((..(((((.(((......................((...((((((((....(((((..(((.....))).)))))((((((((.........)).)))))).))))))))...))))).)))))..)).))))))).))).))))))))).))))))))).))))))...))))))))))).))))))))))))................))))))))))))))))))).)))).)))))).))))))).))))),TGGCCAAGCGTGGTGGCTCACACTTGGAATCCCAGCACTTTGGGAGGCGGAGGTGGGTGGATCACCTAAGGCCAGGAGTTCGAGACCAGCTTGGCCAACATTGTGAAACCCTGTCTCTACTAAAAATAACACAAAAATTAGCCACATGTGGTGGCGAGTGCCTGTAGTCCCAGCTACTCAGGAGGCTGAAGCAGGAGAATCACTTGAACCCNNNNNNNNNNATTTTATTTTTTAGTTTTTTGAGATGGTCTCACTCTGCC,CCCAGGCTGGTGGGCAGTGGCATGATTATAGCTCACTGCAGTCTCAAACTCCTGGGCTCAAGCTATCCTTCTGCCTCAACCTCCTGAGGAGCTGGGACAACAGGTGTGTGCCACCACATCTGGCTAATTTTTTTACTTTTATTTTTTCATTTTTGTAGAGATGGGGTCTTGCTATGTTGCCCGGGCTAGGCTC,0.0,chr7,43942293.0,260
(((((.((.(((((.((((((.(((.(..((((((....))))))..).)))))))))..)))))))..))))).......(((.(((((((((.((((((.((((.(((((((((((((.((((((.....((((((((((((.(((((((((((...((((((.(((((((((.(((((((((.(((.(((((((.((..(((((.(((......................((...((((((((....(((((..(((.....))).)))))((((((((.........)).)))))).))))))))...))))).)))))..)).))))))).))).))))))))).))))))))).))))))...))))))))))).))))))))))))................))))))))))))))))))).)))).)))))).))))))).))))),TGGCCAAGCGTGGTGGCTCACACTTGGAATCCCAGCACTTTGGGAGGCGGAGGTGGGTGGATCACCTAAGGCCAGGAGTTCGAGACCAGCTTGGCCAACATTGTGAAACCCTGTCTCTACTAAAAATAACACAAAAATTAGCCACATGTGGTGGCGAGTGCCTGTAGTCCCAGCTACTCAGGAGGCTGAAGCAGGAGAATCACTTGAACCCNNNNNNNNNNATTTTATTTTTTAGTTTTTTGAGATGGTCTCACTCTGCCACCC,GGCTGGTGGGCAGTGGCATGATTATAGCTCACTGCAGTCTCAAACTCCTGGGCTCAAGCTATCCTTCTGCCTCAACCTCCTGAGGAGCTGGGACAACAGGTGTGTGCCACCACATCTGGCTAATTTTTTTACTTTTATTTTTTCATTTTTGTAGAGATGGGGTCTTGCTATGTTGCCCGGGCTAGGCTC,0.0,chr7,43942289.0,264
(((((.((.(((((.((((((.(((.(..((((((....))))))..).)))))))))..)))))))..))))).......(((.(((((((((.((((((.((((.(((((((((((((.((((((.....((((((((((((.(((((((((((...((((((.(((((((((.(((((((((.(((.(((((((.((..(((((.(((......................((...((((((((....(((((..(((.....))).)))))((((((((.........)).)))))).))))))))...))))).)))))..)).))))))).))).))))))))).))))))))).))))))...))))))))))).))))))))))))................))))))))))))))))))).)))).)))))).))))))).))))),TGGCCAAGCGTGGTGGCTCACACTTGGAATCCCAGCACTTTGGGAGGCGGAGGTGGGTGGATCACCTAAGGCCAGGAGTTCGAGACCAGCTTGGCCAACATTGTGAAACCCTGTCTCTACTAAAAATAACACAAAAATTAGCCACATGTGGTGGCGAGTGCCTGTAGTCCCAGCTACTCAGGAGGCTGAAGCAGGAGAATCACTTGAACCCNNNNNNNNNNATTTTATTTTTTAGTTTTTTGAGATGGTCTCACTCTGCCACCCAGGCTGGTGGGC,GTGGCATGATTATAGCTCACTGCAGTCTCAAACTCCTGGGCTCAAGCTATCCTTCTGCCTCAACCTCCTGAGGAGCTGGGACAACAGGTGTGTGCCACCACATCTGGCTAATTTTTTTACTTTTATTTTTTCATTTTTGTAGAGATGGGGTCTTGCTATGTTGCCCGGGCTAGGCTC,0.0,chr7,43942277.0,276
(((((.((.(((((.((((((.(((.(..((((((....))))))..).)))))))))..)))))))..))))).......(((.(((((((((.((((((.((((.(((((((((((((.((((((.....((((((((((((.(((((((((((...((((((.(((((((((.(((((((((.(((.(((((((.((..(((((.(((......................((...((((((((....(((((..(((.....))).)))))((((((((.........)).)))))).))))))))...))))).)))))..)).))))))).))).))))))))).))))))))).))))))...))))))))))).))))))))))))................))))))))))))))))))).)))).)))))).))))))).))))),TGGCCAAGCGTGGTGGCTCACACTTGGAATCCCAGCACTTTGGGAGGCGGAGGTGGGTGGATCACCTAAGGCCAGGAGTTCGAGACCAGCTTGGCCAACATTGTGAAACCCTGTCTCTACTAAAAATAACACAAAAATTAGCCACATGTGGTGGCGAGTGCCTGTAGTCCCAGCTACTCAGGAGGCTGAAGCAGGAGAATCACTTGAACCCNNNNNNNNNNATTTTATTTTTTAGTTTTTTGAGATGGTCTCACTCTGCCACCCAGGCTGGTGGGCAGTGGC,TGATTATAGCTCACTGCAGTCTCAAACTCCTGGGCTCAAGCTATCCTTCTGCCTCAACCTCCTGAGGAGCTGGGACAACAGGTGTGTGCCACCACATCTGGCTAATTTTTTTACTTTTATTTTTTCATTTTTGTAGAGATGGGGTCTTGCTATGTTGCCCGGGCTAGGCTC,1.5,chr7,43942271.0,282
(((((.((.(((((.((((((.(((.(..((((((....))))))..).)))))))))..)))))))..))))).......(((.(((((((((.((((((.((((.(((((((((((((.((((((.....((((((((((((.(((((((((((...((((((.(((((((((.(((((((((.(((.(((((((.((..(((((.(((......................((...((((((((....(((((..(((.....))).)))))((((((((.........)).)))))).))))))))...))))).)))))..)).))))))).))).))))))))).))))))))).))))))...))))))))))).))))))))))))................))))))))))))))))))).)))).)))))).))))))).))))),TGGCCAAGCGTGGTGGCTCACACTTGGAATCCCAGCACTTTGGGAGGCGGAGGTGGGTGGATCACCTAAGGCCAGGAGTTCGAGACCAGCTTGGCCAACATTGTGAAACCCTGTCTCTACTAAAAATAACACAAAAATTAGCCACATGTGGTGGCGAGTGCCTGTAGTCCCAGCTACTCAGGAGGCTGAAGCAGGAGAATCACTTGAACCCNNNNNNNNNNATTTTATTTTTTAGTTTTTTGAGATGGTCTCACTCTGCCACCCAGGCTGGTGGGCAGTGGCATG,TTATAGCTCACTGCAGTCTCAAACTCCTGGGCTCAAGCTATCCTTCTGCCTCAACCTCCTGAGGAGCTGGGACAACAGGTGTGTGCCACCACATCTGGCTAATTTTTTTACTTTTATTTTTTCATTTTTGTAGAGATGGGGTCTTGCTATGTTGCCCGGGCTAGGCTC,0.0,chr7,43942268.0,285
(((((.((.(((((.((((((.(((.(..((((((....))))))..).)))))))))..)))))))..))))).......(((.(((((((((.((((((.((((.(((((((((((((.((((((.....((((((((((((.(((((((((((...((((((.(((((((((.(((((((((.(((.(((((((.((..(((((.(((......................((...((((((((....(((((..(((.....))).)))))((((((((.........)).)))))).))))))))...))))).)))))..)).))))))).))).))))))))).))))))))).))))))...))))))))))).))))))))))))................))))))))))))))))))).)))).)))))).))))))).))))),TGGCCAAGCGTGGTGGCTCACACTTGGAATCCCAGCACTTTGGGAGGCGGAGGTGGGTGGATCACCTAAGGCCAGGAGTTCGAGACCAGCTTGGCCAACATTGTGAAACCCTGTCTCTACTAAAAATAACACAAAAATTAGCCACATGTGGTGGCGAGTGCCTGTAGTCCCAGCTACTCAGGAGGCTGAAGCAGGAGAATCACTTGAACCCNNNNNNNNNNATTTTATTTTTTAGTTTTTTGAGATGGTCTCACTCTGCCACCCAGGCTGGTGGGCAGTGGCATGATT,TAGCTCACTGCAGTCTCAAACTCCTGGGCTCAAGCTATCCTTCTGCCTCAACCTCCTGAGGAGCTGGGACAACAGGTGTGTGCCACCACATCTGGCTAATTTTTTTACTTTTATTTTTTCATTTTTGTAGAGATGGGGTCTTGCTATGTTGCCCGGGCTAGGCTC,0.0,chr7,43942265.0,288
(((((.((.(((((.((((((.(((.(..((((((....))))))..).)))))))))..)))))))..))))).......(((.(((((((((.((((((.((((.(((((((((((((.((((((.....((((((((((((.(((((((((((...((((((.(((((((((.(((((((((.(((.(((((((.((..(((((.(((......................((...((((((((....(((((..(((.....))).)))))((((((((.........)).)))))).))))))))...))))).)))))..)).))))))).))).))))))))).))))))))).))))))...))))))))))).))))))))))))................))))))))))))))))))).)))).)))))).))))))).))))),TGGCCAAGCGTGGTGGCTCACACTTGGAATCCCAGCACTTTGGGAGGCGGAGGTGGGTGGATCACCTAAGGCCAGGAGTTCGAGACCAGCTTGGCCAACATTGTGAAACCCTGTCTCTACTAAAAATAACACAAAAATTAGCCACATGTGGTGGCGAGTGCCTGTAGTCCCAGCTACTCAGGAGGCTGAAGCAGGAGAATCACTTGAACCCNNNNNNNNNNATTTTATTTTTTAGTTTTTTGAGATGGTCTCACTCTGCCACCCAGGCTGGTGGGCAGTGGCATGATTAT,GCTCACTGCAGTCTCAAACTCCTGGGCTCAAGCTATCCTTCTGCCTCAACCTCCTGAGGAGCTGGGACAACAGGTGTGTGCCACCACATCTGGCTAATTTTTTTACTTTTATTTTTTCATTTTTGTAGAGATGGGGTCTTGCTATGTTGCCCGGGCTAGGCTC,0.0,chr7,43942263.0,290
(((((.((.(((((.((((((.(((.(..((((((....))))))..).)))))))))..)))))))..))))).......(((.(((((((((.((((((.((((.(((((((((((((.((((((.....((((((((((((.(((((((((((...((((((.(((((((((.(((((((((.(((.(((((((.((..(((((.(((......................((...((((((((....(((((..(((.....))).)))))((((((((.........)).)))))).))))))))...))))).)))))..)).))))))).))).))))))))).))))))))).))))))...))))))))))).))))))))))))................))))))))))))))))))).)))).)))))).))))))).))))),TGGCCAAGCGTGGTGGCTCACACTTGGAATCCCAGCACTTTGGGAGGCGGAGGTGGGTGGATCACCTAAGGCCAGGAGTTCGAGACCAGCTTGGCCAACATTGTGAAACCCTGTCTCTACTAAAAATAACACAAAAATTAGCCACATGTGGTGGCGAGTGCCTGTAGTCCCAGCTACTCAGGAGGCTGAAGCAGGAGAATCACTTGAACCCNNNNNNNNNNATTTTATTTTTTAGTTTTTTGAGATGGTCTCACTCTGCCACCCAGGCTGGTGGGCAGTGGCATGATTATAGCTC,CTGCAGTCTCAAACTCCTGGGCTCAAGCTATCCTTCTGCCTCAACCTCCTGAGGAGCTGGGACAACAGGTGTGTGCCACCACATCTGGCTAATTTTTTTACTTTTATTTTTTCATTTTTGTAGAGATGGGGTCTTGCTATGTTGCCCGGGCTAGGCTC,0.0,chr7,43942258.0,295
(((((.((.(((((.((((((.(((.(..((((((....))))))..).)))))))))..)))))))..))))).......(((.(((((((((.((((((.((((.(((((((((((((.((((((.....((((((((((((.(((((((((((...((((((.(((((((((.(((((((((.(((.(((((((.((..(((((.(((......................((...((((((((....(((((..(((.....))).)))))((((((((.........)).)))))).))))))))...))))).)))))..)).))))))).))).))))))))).))))))))).))))))...))))))))))).))))))))))))................))))))))))))))))))).)))).)))))).))))))).))))),TGGCCAAGCGTGGTGGCTCACACTTGGAATCCCAGCACTTTGGGAGGCGGAGGTGGGTGGATCACCTAAGGCCAGGAGTTCGAGACCAGCTTGGCCAACATTGTGAAACCCTGTCTCTACTAAAAATAACACAAAAATTAGCCACATGTGGTGGCGAGTGCCTGTAGTCCCAGCTACTCAGGAGGCTGAAGCAGGAGAATCACTTGAACCCNNNNNNNNNNATTTTATTTTTTAGTTTTTTGAGATGGTCTCACTCTGCCACCCAGGCTGGTGGGCAGTGGCATGATTATAGCTCACTGC,GTCTCAAACTCCTGGGCTCAAGCTATCCTTCTGCCTCAACCTCCTGAGGAGCTGGGACAACAGGTGTGTGCCACCACATCTGGCTAATTTTTTTACTTTTATTTTTTCATTTTTGTAGAGATGGGGTCTTGCTATGTTGCCCGGGCTAGGCTC,0.5,chr7,43942253.0,300
(((((.((.(((((.((((((.(((.(..((((((....))))))..).)))))))))..)))))))..))))).......(((.(((((((((.((((((.((((.(((((((((((((.((((((.....((((((((((((.(((((((((((...((((((.(((((((((.(((((((((.(((.(((((((.((..(((((.(((......................((...((((((((....(((((..(((.....))).)))))((((((((.........)).)))))).))))))))...))))).)))))..)).))))))).))).))))))))).))))))))).))))))...))))))))))).))))))))))))................))))))))))))))))))).)))).)))))).))))))).))))),TGGCCAAGCGTGGTGGCTCACACTTGGAATCCCAGCACTTTGGGAGGCGGAGGTGGGTGGATCACCTAAGGCCAGGAGTTCGAGACCAGCTTGGCCAACATTGTGAAACCCTGTCTCTACTAAAAATAACACAAAAATTAGCCACATGTGGTGGCGAGTGCCTGTAGTCCCAGCTACTCAGGAGGCTGAAGCAGGAGAATCACTTGAACCCNNNNNNNNNNATTTTATTTTTTAGTTTTTTGAGATGGTCTCACTCTGCCACCCAGGCTGGTGGGCAGTGGCATGATTATAGCTCACTGCAGTCTC,AACTCCTGGGCTCAAGCTATCCTTCTGCCTCAACCTCCTGAGGAGCTGGGACAACAGGTGTGTGCCACCACATCTGGCTAATTTTTTTACTTTTATTTTTTCATTTTTGTAGAGATGGGGTCTTGCTATGTTGCCCGGGCTAGGCTC,0.5,chr7,43942247.0,306
(((((.((.(((((.((((((.(((.(..((((((....))))))..).)))))))))..)))))))..))))).......(((.(((((((((.((((((.((((.(((((((((((((.((((((.....((((((((((((.(((((((((((...((((((.(((((((((.(((((((((.(((.(((((((.((..(((((.(((......................((...((((((((....(((((..(((.....))).)))))((((((((.........)).)))))).))))))))...))))).)))))..)).))))))).))).))))))))).))))))))).))))))...))))))))))).))))))))))))................))))))))))))))))))).)))).)))))).))))))).))))),TGGCCAAGCGTGGTGGCTCACACTTGGAATCCCAGCACTTTGGGAGGCGGAGGTGGGTGGATCACCTAAGGCCAGGAGTTCGAGACCAGCTTGGCCAACATTGTGAAACCCTGTCTCTACTAAAAATAACACAAAAATTAGCCACATGTGGTGGCGAGTGCCTGTAGTCCCAGCTACTCAGGAGGCTGAAGCAGGAGAATCACTTGAACCCNNNNNNNNNNATTTTATTTTTTAGTTTTTTGAGATGGTCTCACTCTGCCACCCAGGCTGGTGGGCAGTGGCATGATTATAGCTCACTGCAGTCTCA,ACTCCTGGGCTCAAGCTATCCTTCTGCCTCAACCTCCTGAGGAGCTGGGACAACAGGTGTGTGCCACCACATCTGGCTAATTTTTTTACTTTTATTTTTTCATTTTTGTAGAGATGGGGTCTTGCTATGTTGCCCGGGCTAGGCTC,0.0,chr7,43942246.0,307
(((((.((.(((((.((((((.(((.(..((((((....))))))..).)))))))))..)))))))..))))).......(((.(((((((((.((((((.((((.(((((((((((((.((((((.....((((((((((((.(((((((((((...((((((.(((((((((.(((((((((.(((.(((((((.((..(((((.(((......................((...((((((((....(((((..(((.....))).)))))((((((((.........)).)))))).))))))))...))))).)))))..)).))))))).))).))))))))).))))))))).))))))...))))))))))).))))))))))))................))))))))))))))))))).)))).)))))).))))))).))))),TGGCCAAGCGTGGTGGCTCACACTTGGAATCCCAGCACTTTGGGAGGCGGAGGTGGGTGGATCACCTAAGGCCAGGAGTTCGAGACCAGCTTGGCCAACATTGTGAAACCCTGTCTCTACTAAAAATAACACAAAAATTAGCCACATGTGGTGGCGAGTGCCTGTAGTCCCAGCTACTCAGGAGGCTGAAGCAGGAGAATCACTTGAACCCNNNNNNNNNNATTTTATTTTTTAGTTTTTTGAGATGGTCTCACTCTGCCACCCAGGCTGGTGGGCAGTGGCATGATTATAGCTCACTGCAGTCTCAA,CTCCTGGGCTCAAGCTATCCTTCTGCCTCAACCTCCTGAGGAGCTGGGACAACAGGTGTGTGCCACCACATCTGGCTAATTTTTTTACTTTTATTTTTTCATTTTTGTAGAGATGGGGTCTTGCTATGTTGCCCGGGCTAGGCTC,0.0,chr7,43942245.0,308
(((((.((.(((((.((((((.(((.(..((((((....))))))..).)))))))))..)))))))..))))).......(((.(((((((((.((((((.((((.(((((((((((((.((((((.....((((((((((((.(((((((((((...((((((.(((((((((.(((((((((.(((.(((((((.((..(((((.(((......................((...((((((((....(((((..(((.....))).)))))((((((((.........)).)))))).))))))))...))))).)))))..)).))))))).))).))))))))).))))))))).))))))...))))))))))).))))))))))))................))))))))))))))))))).)))).)))))).))))))).))))),TGGCCAAGCGTGGTGGCTCACACTTGGAATCCCAGCACTTTGGGAGGCGGAGGTGGGTGGATCACCTAAGGCCAGGAGTTCGAGACCAGCTTGGCCAACATTGTGAAACCCTGTCTCTACTAAAAATAACACAAAAATTAGCCACATGTGGTGGCGAGTGCCTGTAGTCCCAGCTACTCAGGAGGCTGAAGCAGGAGAATCACTTGAACCCNNNNNNNNNNATTTTATTTTTTAGTTTTTTGAGATGGTCTCACTCTGCCACCCAGGCTGGTGGGCAGTGGCATGATTATAGCTCACTGCAGTCTCAAACTCCTGGGCTC,AGCTATCCTTCTGCCTCAACCTCCTGAGGAGCTGGGACAACAGGTGTGTGCCACCACATCTGGCTAATTTTTTTACTTTTATTTTTTCATTTTTGTAGAGATGGGGTCTTGCTATGTTGCCCGGGCTAGGCTC,3.0,chr7,43942233.0,320
(((((.((.(((((.((((((.(((.(..((((((....))))))..).)))))))))..)))))))..))))).......(((.(((((((((.((((((.((((.(((((((((((((.((((((.....((((((((((((.(((((((((((...((((((.(((((((((.(((((((((.(((.(((((((.((..(((((.(((......................((...((((((((....(((((..(((.....))).)))))((((((((.........)).)))))).))))))))...))))).)))))..)).))))))).))).))))))))).))))))))).))))))...))))))))))).))))))))))))................))))))))))))))))))).)))).)))))).))))))).))))),TGGCCAAGCGTGGTGGCTCACACTTGGAATCCCAGCACTTTGGGAGGCGGAGGTGGGTGGATCACCTAAGGCCAGGAGTTCGAGACCAGCTTGGCCAACATTGTGAAACCCTGTCTCTACTAAAAATAACACAAAAATTAGCCACATGTGGTGGCGAGTGCCTGTAGTCCCAGCTACTCAGGAGGCTGAAGCAGGAGAATCACTTGAACCCNNNNNNNNNNATTTTATTTTTTAGTTTTTTGAGATGGTCTCACTCTGCCACCCAGGCTGGTGGGCAGTGGCATGATTATAGCTCACTGCAGTCTCAAACTCCTGGGCTCA,GCTATCCTTCTGCCTCAACCTCCTGAGGAGCTGGGACAACAGGTGTGTGCCACCACATCTGGCTAATTTTTTTACTTTTATTTTTTCATTTTTGTAGAGATGGGGTCTTGCTATGTTGCCCGGGCTAGGCTC,6.4,chr7,43942232.0,321
(((((.((.(((((.((((((.(((.(..((((((....))))))..).)))))))))..)))))))..))))).......(((.(((((((((.((((((.((((.(((((((((((((.((((((.....((((((((((((.(((((((((((...((((((.(((((((((.(((((((((.(((.(((((((.((..(((((.(((......................((...((((((((....(((((..(((.....))).)))))((((((((.........)).)))))).))))))))...))))).)))))..)).))))))).))).))))))))).))))))))).))))))...))))))))))).))))))))))))................))))))))))))))))))).)))).)))))).))))))).))))),TGGCCAAGCGTGGTGGCTCACACTTGGAATCCCAGCACTTTGGGAGGCGGAGGTGGGTGGATCACCTAAGGCCAGGAGTTCGAGACCAGCTTGGCCAACATTGTGAAACCCTGTCTCTACTAAAAATAACACAAAAATTAGCCACATGTGGTGGCGAGTGCCTGTAGTCCCAGCTACTCAGGAGGCTGAAGCAGGAGAATCACTTGAACCCNNNNNNNNNNATTTTATTTTTTAGTTTTTTGAGATGGTCTCACTCTGCCACCCAGGCTGGTGGGCAGTGGCATGATTATAGCTCACTGCAGTCTCAAACTCCTGGGCTCAAGCT,TCCTTCTGCCTCAACCTCCTGAGGAGCTGGGACAACAGGTGTGTGCCACCACATCTGGCTAATTTTTTTACTTTTATTTTTTCATTTTTGTAGAGATGGGGTCTTGCTATGTTGCCCGGGCTAGGCTC,0.0,chr7,43942228.0,325
(((((.((.(((((.((((((.(((.(..((((((....))))))..).)))))))))..)))))))..))))).......(((.(((((((((.((((((.((((.(((((((((((((.((((((.....((((((((((((.(((((((((((...((((((.(((((((((.(((((((((.(((.(((((((.((..(((((.(((......................((...((((((((....(((((..(((.....))).)))))((((((((.........)).)))))).))))))))...))))).)))))..)).))))))).))).))))))))).))))))))).))))))...))))))))))).))))))))))))................))))))))))))))))))).)))).)))))).))))))).))))),TGGCCAAGCGTGGTGGCTCACACTTGGAATCCCAGCACTTTGGGAGGCGGAGGTGGGTGGATCACCTAAGGCCAGGAGTTCGAGACCAGCTTGGCCAACATTGTGAAACCCTGTCTCTACTAAAAATAACACAAAAATTAGCCACATGTGGTGGCGAGTGCCTGTAGTCCCAGCTACTCAGGAGGCTGAAGCAGGAGAATCACTTGAACCCNNNNNNNNNNATTTTATTTTTTAGTTTTTTGAGATGGTCTCACTCTGCCACCCAGGCTGGTGGGCAGTGGCATGATTATAGCTCACTGCAGTCTCAAACTCCTGGGCTCAAGCTATCCTTCTGCCTC,ACCTCCTGAGGAGCTGGGACAACAGGTGTGTGCCACCACATCTGGCTAATTTTTTTACTTTTATTTTTTCATTTTTGTAGAGATGGGGTCTTGCTATGTTGCCCGGGCTAGGCTC,7.0,chr7,43942215.0,338
(((((.((.(((((.((((((.(((.(..((((((....))))))..).)))))))))..)))))))..))))).......(((.(((((((((.((((((.((((.(((((((((((((.((((((.....((((((((((((.(((((((((((...((((((.(((((((((.(((((((((.(((.(((((((.((..(((((.(((......................((...((((((((....(((((..(((.....))).)))))((((((((.........)).)))))).))))))))...))))).)))))..)).))))))).))).))))))))).))))))))).))))))...))))))))))).))))))))))))................))))))))))))))))))).)))).)))))).))))))).))))),TGGCCAAGCGTGGTGGCTCACACTTGGAATCCCAGCACTTTGGGAGGCGGAGGTGGGTGGATCACCTAAGGCCAGGAGTTCGAGACCAGCTTGGCCAACATTGTGAAACCCTGTCTCTACTAAAAATAACACAAAAATTAGCCACATGTGGTGGCGAGTGCCTGTAGTCCCAGCTACTCAGGAGGCTGAAGCAGGAGAATCACTTGAACCCNNNNNNNNNNATTTTATTTTTTAGTTTTTTGAGATGGTCTCACTCTGCCACCCAGGCTGGTGGGCAGTGGCATGATTATAGCTCACTGCAGTCTCAAACTCCTGGGCTCAAGCTATCCTTCTGCCTCA,CCTCCTGAGGAGCTGGGACAACAGGTGTGTGCCACCACATCTGGCTAATTTTTTTACTTTTATTTTTTCATTTTTGTAGAGATGGGGTCTTGCTATGTTGCCCGGGCTAGGCTC,7.1,chr7,43942214.0,339
(((((.((.(((((.((((((.(((.(..((((((....))))))..).)))))))))..)))))))..))))).......(((.(((((((((.((((((.((((.(((((((((((((.((((((.....((((((((((((.(((((((((((...((((((.(((((((((.(((((((((.(((.(((((((.((..(((((.(((......................((...((((((((....(((((..(((.....))).)))))((((((((.........)).)))))).))))))))...))))).)))))..)).))))))).))).))))))))).))))))))).))))))...))))))))))).))))))))))))................))))))))))))))))))).)))).)))))).))))))).))))),TGGCCAAGCGTGGTGGCTCACACTTGGAATCCCAGCACTTTGGGAGGCGGAGGTGGGTGGATCACCTAAGGCCAGGAGTTCGAGACCAGCTTGGCCAACATTGTGAAACCCTGTCTCTACTAAAAATAACACAAAAATTAGCCACATGTGGTGGCGAGTGCCTGTAGTCCCAGCTACTCAGGAGGCTGAAGCAGGAGAATCACTTGAACCCNNNNNNNNNNATTTTATTTTTTAGTTTTTTGAGATGGTCTCACTCTGCCACCCAGGCTGGTGGGCAGTGGCATGATTATAGCTCACTGCAGTCTCAAACTCCTGGGCTCAAGCTATCCTTCTGCCTCAACCTCCTG,GGAGCTGGGACAACAGGTGTGTGCCACCACATCTGGCTAATTTTTTTACTTTTATTTTTTCATTTTTGTAGAGATGGGGTCTTGCTATGTTGCCCGGGCTAGGCTC,0.5,chr7,43942206.0,347
(((((.((.(((((.((((((.(((.(..((((((....))))))..).)))))))))..)))))))..))))).......(((.(((((((((.((((((.((((.(((((((((((((.((((((.....((((((((((((.(((((((((((...((((((.(((((((((.(((((((((.(((.(((((((.((..(((((.(((......................((...((((((((....(((((..(((.....))).)))))((((((((.........)).)))))).))))))))...))))).)))))..)).))))))).))).))))))))).))))))))).))))))...))))))))))).))))))))))))................))))))))))))))))))).)))).)))))).))))))).))))),TGGCCAAGCGTGGTGGCTCACACTTGGAATCCCAGCACTTTGGGAGGCGGAGGTGGGTGGATCACCTAAGGCCAGGAGTTCGAGACCAGCTTGGCCAACATTGTGAAACCCTGTCTCTACTAAAAATAACACAAAAATTAGCCACATGTGGTGGCGAGTGCCTGTAGTCCCAGCTACTCAGGAGGCTGAAGCAGGAGAATCACTTGAACCCNNNNNNNNNNATTTTATTTTTTAGTTTTTTGAGATGGTCTCACTCTGCCACCCAGGCTGGTGGGCAGTGGCATGATTATAGCTCACTGCAGTCTCAAACTCCTGGGCTCAAGCTATCCTTCTGCCTCAACCTCCTGAGG,GCTGGGACAACAGGTGTGTGCCACCACATCTGGCTAATTTTTTTACTTTTATTTTTTCATTTTTGTAGAGATGGGGTCTTGCTATGTTGCCCGGGCTAGGCTC,1.6,chr7,43942203.0,350
(((((.((.(((((.((((((.(((.(..((((((....))))))..).)))))))))..)))))))..))))).......(((.(((((((((.((((((.((((.(((((((((((((.((((((.....((((((((((((.(((((((((((...((((((.(((((((((.(((((((((.(((.(((((((.((..(((((.(((......................((...((((((((....(((((..(((.....))).)))))((((((((.........)).)))))).))))))))...))))).)))))..)).))))))).))).))))))))).))))))))).))))))...))))))))))).))))))))))))................))))))))))))))))))).)))).)))))).))))))).))))),TGGCCAAGCGTGGTGGCTCACACTTGGAATCCCAGCACTTTGGGAGGCGGAGGTGGGTGGATCACCTAAGGCCAGGAGTTCGAGACCAGCTTGGCCAACATTGTGAAACCCTGTCTCTACTAAAAATAACACAAAAATTAGCCACATGTGGTGGCGAGTGCCTGTAGTCCCAGCTACTCAGGAGGCTGAAGCAGGAGAATCACTTGAACCCNNNNNNNNNNATTTTATTTTTTAGTTTTTTGAGATGGTCTCACTCTGCCACCCAGGCTGGTGGGCAGTGGCATGATTATAGCTCACTGCAGTCTCAAACTCCTGGGCTCAAGCTATCCTTCTGCCTCAACCTCCTGAGGAGCTGGG,CAACAGGTGTGTGCCACCACATCTGGCTAATTTTTTTACTTTTATTTTTTCATTTTTGTAGAGATGGGGTCTTGCTATGTTGCCCGGGCTAGGCTC,0.0,chr7,43942196.0,357
(((((.((.(((((.((((((.(((.(..((((((....))))))..).)))))))))..)))))))..))))).......(((.(((((((((.((((((.((((.(((((((((((((.((((((.....((((((((((((.(((((((((((...((((((.(((((((((.(((((((((.(((.(((((((.((..(((((.(((......................((...((((((((....(((((..(((.....))).)))))((((((((.........)).)))))).))))))))...))))).)))))..)).))))))).))).))))))))).))))))))).))))))...))))))))))).))))))))))))................))))))))))))))))))).)))).)))))).))))))).))))),TGGCCAAGCGTGGTGGCTCACACTTGGAATCCCAGCACTTTGGGAGGCGGAGGTGGGTGGATCACCTAAGGCCAGGAGTTCGAGACCAGCTTGGCCAACATTGTGAAACCCTGTCTCTACTAAAAATAACACAAAAATTAGCCACATGTGGTGGCGAGTGCCTGTAGTCCCAGCTACTCAGGAGGCTGAAGCAGGAGAATCACTTGAACCCNNNNNNNNNNATTTTATTTTTTAGTTTTTTGAGATGGTCTCACTCTGCCACCCAGGCTGGTGGGCAGTGGCATGATTATAGCTCACTGCAGTCTCAAACTCCTGGGCTCAAGCTATCCTTCTGCCTCAACCTCCTGAGGAGCTGGGAC,ACAGGTGTGTGCCACCACATCTGGCTAATTTTTTTACTTTTATTTTTTCATTTTTGTAGAGATGGGGTCTTGCTATGTTGCCCGGGCTAGGCTC,6.4,chr7,43942194.0,359
(((((.((.(((((.((((((.(((.(..((((((....))))))..).)))))))))..)))))))..))))).......(((.(((((((((.((((((.((((.(((((((((((((.((((((.....((((((((((((.(((((((((((...((((((.(((((((((.(((((((((.(((.(((((((.((..(((((.(((......................((...((((((((....(((((..(((.....))).)))))((((((((.........)).)))))).))))))))...))))).)))))..)).))))))).))).))))))))).))))))))).))))))...))))))))))).))))))))))))................))))))))))))))))))).)))).)))))).))))))).))))),TGGCCAAGCGTGGTGGCTCACACTTGGAATCCCAGCACTTTGGGAGGCGGAGGTGGGTGGATCACCTAAGGCCAGGAGTTCGAGACCAGCTTGGCCAACATTGTGAAACCCTGTCTCTACTAAAAATAACACAAAAATTAGCCACATGTGGTGGCGAGTGCCTGTAGTCCCAGCTACTCAGGAGGCTGAAGCAGGAGAATCACTTGAACCCNNNNNNNNNNATTTTATTTTTTAGTTTTTTGAGATGGTCTCACTCTGCCACCCAGGCTGGTGGGCAGTGGCATGATTATAGCTCACTGCAGTCTCAAACTCCTGGGCTCAAGCTATCCTTCTGCCTCAACCTCCTGAGGAGCTGGGACA,CAGGTGTGTGCCACCACATCTGGCTAATTTTTTTACTTTTATTTTTTCATTTTTGTAGAGATGGGGTCTTGCTATGTTGCCCGGGCTAGGCTC,34.1,chr7,43942193.0,360
(((((.((.(((((.((((((.(((.(..((((((....))))))..).)))))))))..)))))))..))))).......(((.(((((((((.((((((.((((.(((((((((((((.((((((.....((((((((((((.(((((((((((...((((((.(((((((((.(((((((((.(((.(((((((.((..(((((.(((......................((...((((((((....(((((..(((.....))).)))))((((((((.........)).)))))).))))))))...))))).)))))..)).))))))).))).))))))))).))))))))).))))))...))))))))))).))))))))))))................))))))))))))))))))).)))).)))))).))))))).))))),TGGCCAAGCGTGGTGGCTCACACTTGGAATCCCAGCACTTTGGGAGGCGGAGGTGGGTGGATCACCTAAGGCCAGGAGTTCGAGACCAGCTTGGCCAACATTGTGAAACCCTGTCTCTACTAAAAATAACACAAAAATTAGCCACATGTGGTGGCGAGTGCCTGTAGTCCCAGCTACTCAGGAGGCTGAAGCAGGAGAATCACTTGAACCCNNNNNNNNNNATTTTATTTTTTAGTTTTTTGAGATGGTCTCACTCTGCCACCCAGGCTGGTGGGCAGTGGCATGATTATAGCTCACTGCAGTCTCAAACTCCTGGGCTCAAGCTATCCTTCTGCCTCAACCTCCTGAGGAGCTGGGACAAC,GGTGTGTGCCACCACATCTGGCTAATTTTTTTACTTTTATTTTTTCATTTTTGTAGAGATGGGGTCTTGCTATGTTGCCCGGGCTAGGCTC,12.4,chr7,43942191.0,362
(((((.((.(((((.((((((.(((.(..((((((....))))))..).)))))))))..)))))))..))))).......(((.(((((((((.((((((.((((.(((((((((((((.((((((.....((((((((((((.(((((((((((...((((((.(((((((((.(((((((((.(((.(((((((.((..(((((.(((......................((...((((((((....(((((..(((.....))).)))))((((((((.........)).)))))).))))))))...))))).)))))..)).))))))).))).))))))))).))))))))).))))))...))))))))))).))))))))))))................))))))))))))))))))).)))).)))))).))))))).))))),TGGCCAAGCGTGGTGGCTCACACTTGGAATCCCAGCACTTTGGGAGGCGGAGGTGGGTGGATCACCTAAGGCCAGGAGTTCGAGACCAGCTTGGCCAACATTGTGAAACCCTGTCTCTACTAAAAATAACACAAAAATTAGCCACATGTGGTGGCGAGTGCCTGTAGTCCCAGCTACTCAGGAGGCTGAAGCAGGAGAATCACTTGAACCCNNNNNNNNNNATTTTATTTTTTAGTTTTTTGAGATGGTCTCACTCTGCCACCCAGGCTGGTGGGCAGTGGCATGATTATAGCTCACTGCAGTCTCAAACTCCTGGGCTCAAGCTATCCTTCTGCCTCAACCTCCTGAGGAGCTGGGACAACAGGTGTGTGCC,CCACATCTGGCTAATTTTTTTACTTTTATTTTTTCATTTTTGTAGAGATGGGGTCTTGCTATGTTGCCCGGGCTAGGCTC,0.0,chr7,43942180.0,373
(((((.((.(((((.((((((.(((.(..((((((....))))))..).)))))))))..)))))))..))))).......(((.(((((((((.((((((.((((.(((((((((((((.((((((.....((((((((((((.(((((((((((...((((((.(((((((((.(((((((((.(((.(((((((.((..(((((.(((......................((...((((((((....(((((..(((.....))).)))))((((((((.........)).)))))).))))))))...))))).)))))..)).))))))).))).))))))))).))))))))).))))))...))))))))))).))))))))))))................))))))))))))))))))).)))).)))))).))))))).))))),TGGCCAAGCGTGGTGGCTCACACTTGGAATCCCAGCACTTTGGGAGGCGGAGGTGGGTGGATCACCTAAGGCCAGGAGTTCGAGACCAGCTTGGCCAACATTGTGAAACCCTGTCTCTACTAAAAATAACACAAAAATTAGCCACATGTGGTGGCGAGTGCCTGTAGTCCCAGCTACTCAGGAGGCTGAAGCAGGAGAATCACTTGAACCCNNNNNNNNNNATTTTATTTTTTAGTTTTTTGAGATGGTCTCACTCTGCCACCCAGGCTGGTGGGCAGTGGCATGATTATAGCTCACTGCAGTCTCAAACTCCTGGGCTCAAGCTATCCTTCTGCCTCAACCTCCTGAGGAGCTGGGACAACAGGTGTGTGCCACC,CATCTGGCTAATTTTTTTACTTTTATTTTTTCATTTTTGTAGAGATGGGGTCTTGCTATGTTGCCCGGGCTAGGCTC,0.0,chr7,43942177.0,376
(((((.((.(((((.((((((.(((.(..((((((....))))))..).)))))))))..)))))))..))))).......(((.(((((((((.((((((.((((.(((((((((((((.((((((.....((((((((((((.(((((((((((...((((((.(((((((((.(((((((((.(((.(((((((.((..(((((.(((......................((...((((((((....(((((..(((.....))).)))))((((((((.........)).)))))).))))))))...))))).)))))..)).))))))).))).))))))))).))))))))).))))))...))))))))))).))))))))))))................))))))))))))))))))).)))).)))))).))))))).))))),TGGCCAAGCGTGGTGGCTCACACTTGGAATCCCAGCACTTTGGGAGGCGGAGGTGGGTGGATCACCTAAGGCCAGGAGTTCGAGACCAGCTTGGCCAACATTGTGAAACCCTGTCTCTACTAAAAATAACACAAAAATTAGCCACATGTGGTGGCGAGTGCCTGTAGTCCCAGCTACTCAGGAGGCTGAAGCAGGAGAATCACTTGAACCCNNNNNNNNNNATTTTATTTTTTAGTTTTTTGAGATGGTCTCACTCTGCCACCCAGGCTGGTGGGCAGTGGCATGATTATAGCTCACTGCAGTCTCAAACTCCTGGGCTCAAGCTATCCTTCTGCCTCAACCTCCTGAGGAGCTGGGACAACAGGTGTGTGCCACCAC,TCTGGCTAATTTTTTTACTTTTATTTTTTCATTTTTGTAGAGATGGGGTCTTGCTATGTTGCCCGGGCTAGGCTC,0.0,chr7,43942175.0,378
(((((.((.(((((.((((((.(((.(..((((((....))))))..).)))))))))..)))))))..))))).......(((.(((((((((.((((((.((((.(((((((((((((.((((((.....((((((((((((.(((((((((((...((((((.(((((((((.(((((((((.(((.(((((((.((..(((((.(((......................((...((((((((....(((((..(((.....))).)))))((((((((.........)).)))))).))))))))...))))).)))))..)).))))))).))).))))))))).))))))))).))))))...))))))))))).))))))))))))................))))))))))))))))))).)))).)))))).))))))).))))),TGGCCAAGCGTGGTGGCTCACACTTGGAATCCCAGCACTTTGGGAGGCGGAGGTGGGTGGATCACCTAAGGCCAGGAGTTCGAGACCAGCTTGGCCAACATTGTGAAACCCTGTCTCTACTAAAAATAACACAAAAATTAGCCACATGTGGTGGCGAGTGCCTGTAGTCCCAGCTACTCAGGAGGCTGAAGCAGGAGAATCACTTGAACCCNNNNNNNNNNATTTTATTTTTTAGTTTTTTGAGATGGTCTCACTCTGCCACCCAGGCTGGTGGGCAGTGGCATGATTATAGCTCACTGCAGTCTCAAACTCCTGGGCTCAAGCTATCCTTCTGCCTCAACCTCCTGAGGAGCTGGGACAACAGGTGTGTGCCACCACATCTGGCT,ATTTTTTTACTTTTATTTTTTCATTTTTGTAGAGATGGGGTCTTGCTATGTTGCCCGGGCTAGGCTC,0.0,chr7,43942167.0,386
(((((.((.(((((.((((((.(((.(..((((((....))))))..).)))))))))..)))))))..))))).......(((.(((((((((.((((((.((((.(((((((((((((.((((((.....((((((((((((.(((((((((((...((((((.(((((((((.(((((((((.(((.(((((((.((..(((((.(((......................((...((((((((....(((((..(((.....))).)))))((((((((.........)).)))))).))))))))...))))).)))))..)).))))))).))).))))))))).))))))))).))))))...))))))))))).))))))))))))................))))))))))))))))))).)))).)))))).))))))).))))),TGGCCAAGCGTGGTGGCTCACACTTGGAATCCCAGCACTTTGGGAGGCGGAGGTGGGTGGATCACCTAAGGCCAGGAGTTCGAGACCAGCTTGGCCAACATTGTGAAACCCTGTCTCTACTAAAAATAACACAAAAATTAGCCACATGTGGTGGCGAGTGCCTGTAGTCCCAGCTACTCAGGAGGCTGAAGCAGGAGAATCACTTGAACCCNNNNNNNNNNATTTTATTTTTTAGTTTTTTGAGATGGTCTCACTCTGCCACCCAGGCTGGTGGGCAGTGGCATGATTATAGCTCACTGCAGTCTCAAACTCCTGGGCTCAAGCTATCCTTCTGCCTCAACCTCCTGAGGAGCTGGGACAACAGGTGTGTGCCACCACATCTGGCTA,TTTTTTTACTTTTATTTTTTCATTTTTGTAGAGATGGGGTCTTGCTATGTTGCCCGGGCTAGGCTC,0.0,chr7,43942166.0,387
(((((.((.(((((.((((((.(((.(..((((((....))))))..).)))))))))..)))))))..))))).......(((.(((((((((.((((((.((((.(((((((((((((.((((((.....((((((((((((.(((((((((((...((((((.(((((((((.(((((((((.(((.(((((((.((..(((((.(((......................((...((((((((....(((((..(((.....))).)))))((((((((.........)).)))))).))))))))...))))).)))))..)).))))))).))).))))))))).))))))))).))))))...))))))))))).))))))))))))................))))))))))))))))))).)))).)))))).))))))).))))),TGGCCAAGCGTGGTGGCTCACACTTGGAATCCCAGCACTTTGGGAGGCGGAGGTGGGTGGATCACCTAAGGCCAGGAGTTCGAGACCAGCTTGGCCAACATTGTGAAACCCTGTCTCTACTAAAAATAACACAAAAATTAGCCACATGTGGTGGCGAGTGCCTGTAGTCCCAGCTACTCAGGAGGCTGAAGCAGGAGAATCACTTGAACCCNNNNNNNNNNATTTTATTTTTTAGTTTTTTGAGATGGTCTCACTCTGCCACCCAGGCTGGTGGGCAGTGGCATGATTATAGCTCACTGCAGTCTCAAACTCCTGGGCTCAAGCTATCCTTCTGCCTCAACCTCCTGAGGAGCTGGGACAACAGGTGTGTGCCACCACATCTGGCTAATTTTTTT,CTTTTATTTTTTCATTTTTGTAGAGATGGGGTCTTGCTATGTTGCCCGGGCTAGGCTC,0.0,chr7,43942158.0,395
(((((.((.(((((.((((((.(((.(..((((((....))))))..).)))))))))..)))))))..))))).......(((.(((((((((.((((((.((((.(((((((((((((.((((((.....((((((((((((.(((((((((((...((((((.(((((((((.(((((((((.(((.(((((((.((..(((((.(((......................((...((((((((....(((((..(((.....))).)))))((((((((.........)).)))))).))))))))...))))).)))))..)).))))))).))).))))))))).))))))))).))))))...))))))))))).))))))))))))................))))))))))))))))))).)))).)))))).))))))).))))),TGGCCAAGCGTGGTGGCTCACACTTGGAATCCCAGCACTTTGGGAGGCGGAGGTGGGTGGATCACCTAAGGCCAGGAGTTCGAGACCAGCTTGGCCAACATTGTGAAACCCTGTCTCTACTAAAAATAACACAAAAATTAGCCACATGTGGTGGCGAGTGCCTGTAGTCCCAGCTACTCAGGAGGCTGAAGCAGGAGAATCACTTGAACCCNNNNNNNNNNATTTTATTTTTTAGTTTTTTGAGATGGTCTCACTCTGCCACCCAGGCTGGTGGGCAGTGGCATGATTATAGCTCACTGCAGTCTCAAACTCCTGGGCTCAAGCTATCCTTCTGCCTCAACCTCCTGAGGAGCTGGGACAACAGGTGTGTGCCACCACATCTGGCTAATTTTTTTACTTTT,TTTTTTCATTTTTGTAGAGATGGGGTCTTGCTATGTTGCCCGGGCTAGGCTC,0.0,chr7,43942152.0,401
(((((.((.(((((.((((((.(((.(..((((((....))))))..).)))))))))..)))))))..))))).......(((.(((((((((.((((((.((((.(((((((((((((.((((((.....((((((((((((.(((((((((((...((((((.(((((((((.(((((((((.(((.(((((((.((..(((((.(((......................((...((((((((....(((((..(((.....))).)))))((((((((.........)).)))))).))))))))...))))).)))))..)).))))))).))).))))))))).))))))))).))))))...))))))))))).))))))))))))................))))))))))))))))))).)))).)))))).))))))).))))),TGGCCAAGCGTGGTGGCTCACACTTGGAATCCCAGCACTTTGGGAGGCGGAGGTGGGTGGATCACCTAAGGCCAGGAGTTCGAGACCAGCTTGGCCAACATTGTGAAACCCTGTCTCTACTAAAAATAACACAAAAATTAGCCACATGTGGTGGCGAGTGCCTGTAGTCCCAGCTACTCAGGAGGCTGAAGCAGGAGAATCACTTGAACCCNNNNNNNNNNATTTTATTTTTTAGTTTTTTGAGATGGTCTCACTCTGCCACCCAGGCTGGTGGGCAGTGGCATGATTATAGCTCACTGCAGTCTCAAACTCCTGGGCTCAAGCTATCCTTCTGCCTCAACCTCCTGAGGAGCTGGGACAACAGGTGTGTGCCACCACATCTGGCTAATTTTTTTACTTTTATTTTTTC,TTTTTGTAGAGATGGGGTCTTGCTATGTTGCCCGGGCTAGGCTC,0.0,chr7,43942144.0,409
(((((.((.(((((.((((((.(((.(..((((((....))))))..).)))))))))..)))))))..))))).......(((.(((((((((.((((((.((((.(((((((((((((.((((((.....((((((((((((.(((((((((((...((((((.(((((((((.(((((((((.(((.(((((((.((..(((((.(((......................((...((((((((....(((((..(((.....))).)))))((((((((.........)).)))))).))))))))...))))).)))))..)).))))))).))).))))))))).))))))))).))))))...))))))))))).))))))))))))................))))))))))))))))))).)))).)))))).))))))).))))),TGGCCAAGCGTGGTGGCTCACACTTGGAATCCCAGCACTTTGGGAGGCGGAGGTGGGTGGATCACCTAAGGCCAGGAGTTCGAGACCAGCTTGGCCAACATTGTGAAACCCTGTCTCTACTAAAAATAACACAAAAATTAGCCACATGTGGTGGCGAGTGCCTGTAGTCCCAGCTACTCAGGAGGCTGAAGCAGGAGAATCACTTGAACCCNNNNNNNNNNATTTTATTTTTTAGTTTTTTGAGATGGTCTCACTCTGCCACCCAGGCTGGTGGGCAGTGGCATGATTATAGCTCACTGCAGTCTCAAACTCCTGGGCTCAAGCTATCCTTCTGCCTCAACCTCCTGAGGAGCTGGGACAACAGGTGTGTGCCACCACATCTGGCTAATTTTTTTACTTTTATTTTTTCATTTTTGT,GAGATGGGGTCTTGCTATGTTGCCCGGGCTAGGCTC,1.6,chr7,43942136.0,417
(((((.((.(((((.((((((.(((.(..((((((....))))))..).)))))))))..)))))))..))))).......(((.(((((((((.((((((.((((.(((((((((((((.((((((.....((((((((((((.(((((((((((...((((((.(((((((((.(((((((((.(((.(((((((.((..(((((.(((......................((...((((((((....(((((..(((.....))).)))))((((((((.........)).)))))).))))))))...))))).)))))..)).))))))).))).))))))))).))))))))).))))))...))))))))))).))))))))))))................))))))))))))))))))).)))).)))))).))))))).))))),TGGCCAAGCGTGGTGGCTCACACTTGGAATCCCAGCACTTTGGGAGGCGGAGGTGGGTGGATCACCTAAGGCCAGGAGTTCGAGACCAGCTTGGCCAACATTGTGAAACCCTGTCTCTACTAAAAATAACACAAAAATTAGCCACATGTGGTGGCGAGTGCCTGTAGTCCCAGCTACTCAGGAGGCTGAAGCAGGAGAATCACTTGAACCCNNNNNNNNNNATTTTATTTTTTAGTTTTTTGAGATGGTCTCACTCTGCCACCCAGGCTGGTGGGCAGTGGCATGATTATAGCTCACTGCAGTCTCAAACTCCTGGGCTCAAGCTATCCTTCTGCCTCAACCTCCTGAGGAGCTGGGACAACAGGTGTGTGCCACCACATCTGGCTAATTTTTTTACTTTTATTTTTTCATTTTTGTAG,GATGGGGTCTTGCTATGTTGCCCGGGCTAGGCTC,0.0,chr7,43942134.0,419
(((((.((.(((((.((((((.(((.(..((((((....))))))..).)))))))))..)))))))..))))).......(((.(((((((((.((((((.((((.(((((((((((((.((((((.....((((((((((((.(((((((((((...((((((.(((((((((.(((((((((.(((.(((((((.((..(((((.(((......................((...((((((((....(((((..(((.....))).)))))((((((((.........)).)))))).))))))))...))))).)))))..)).))))))).))).))))))))).))))))))).))))))...))))))))))).))))))))))))................))))))))))))))))))).)))).)))))).))))))).))))),TGGCCAAGCGTGGTGGCTCACACTTGGAATCCCAGCACTTTGGGAGGCGGAGGTGGGTGGATCACCTAAGGCCAGGAGTTCGAGACCAGCTTGGCCAACATTGTGAAACCCTGTCTCTACTAAAAATAACACAAAAATTAGCCACATGTGGTGGCGAGTGCCTGTAGTCCCAGCTACTCAGGAGGCTGAAGCAGGAGAATCACTTGAACCCNNNNNNNNNNATTTTATTTTTTAGTTTTTTGAGATGGTCTCACTCTGCCACCCAGGCTGGTGGGCAGTGGCATGATTATAGCTCACTGCAGTCTCAAACTCCTGGGCTCAAGCTATCCTTCTGCCTCAACCTCCTGAGGAGCTGGGACAACAGGTGTGTGCCACCACATCTGGCTAATTTTTTTACTTTTATTTTTTCATTTTTGTAGAG,TGGGGTCTTGCTATGTTGCCCGGGCTAGGCTC,0.0,chr7,43942132.0,421
(((((.((.(((((.((((((.(((.(..((((((....))))))..).)))))))))..)))))))..))))).......(((.(((((((((.((((((.((((.(((((((((((((.((((((.....((((((((((((.(((((((((((...((((((.(((((((((.(((((((((.(((.(((((((.((..(((((.(((......................((...((((((((....(((((..(((.....))).)))))((((((((.........)).)))))).))))))))...))))).)))))..)).))))))).))).))))))))).))))))))).))))))...))))))))))).))))))))))))................))))))))))))))))))).)))).)))))).))))))).))))),TGGCCAAGCGTGGTGGCTCACACTTGGAATCCCAGCACTTTGGGAGGCGGAGGTGGGTGGATCACCTAAGGCCAGGAGTTCGAGACCAGCTTGGCCAACATTGTGAAACCCTGTCTCTACTAAAAATAACACAAAAATTAGCCACATGTGGTGGCGAGTGCCTGTAGTCCCAGCTACTCAGGAGGCTGAAGCAGGAGAATCACTTGAACCCNNNNNNNNNNATTTTATTTTTTAGTTTTTTGAGATGGTCTCACTCTGCCACCCAGGCTGGTGGGCAGTGGCATGATTATAGCTCACTGCAGTCTCAAACTCCTGGGCTCAAGCTATCCTTCTGCCTCAACCTCCTGAGGAGCTGGGACAACAGGTGTGTGCCACCACATCTGGCTAATTTTTTTACTTTTATTTTTTCATTTTTGTAGAGATGGGGTCTTGCT,TGTTGCCCGGGCTAGGCTC,0.0,chr7,43942119.0,434
(((((.((.(((((.((((((.(((.(..((((((....))))))..).)))))))))..)))))))..))))).......(((.(((((((((.((((((.((((.(((((((((((((.((((((.....((((((((((((.(((((((((((...((((((.(((((((((.(((((((((.(((.(((((((.((..(((((.(((......................((...((((((((....(((((..(((.....))).)))))((((((((.........)).)))))).))))))))...))))).)))))..)).))))))).))).))))))))).))))))))).))))))...))))))))))).))))))))))))................))))))))))))))))))).)))).)))))).))))))).))))),TGGCCAAGCGTGGTGGCTCACACTTGGAATCCCAGCACTTTGGGAGGCGGAGGTGGGTGGATCACCTAAGGCCAGGAGTTCGAGACCAGCTTGGCCAACATTGTGAAACCCTGTCTCTACTAAAAATAACACAAAAATTAGCCACATGTGGTGGCGAGTGCCTGTAGTCCCAGCTACTCAGGAGGCTGAAGCAGGAGAATCACTTGAACCCNNNNNNNNNNATTTTATTTTTTAGTTTTTTGAGATGGTCTCACTCTGCCACCCAGGCTGGTGGGCAGTGGCATGATTATAGCTCACTGCAGTCTCAAACTCCTGGGCTCAAGCTATCCTTCTGCCTCAACCTCCTGAGGAGCTGGGACAACAGGTGTGTGCCACCACATCTGGCTAATTTTTTTACTTTTATTTTTTCATTTTTGTAGAGATGGGGTCTTGCTATGTTGCCCGGGCT,GGCTC,0.4,chr7,43942105.0,448
